"","Al Baha","Al Jouf","Al Qassim","Aseer","Eastern Province","Hail","Jazan","Madinah","Makkah","Najran","Northern Borders","Riyadh","Tabouk"
"Al Baha",1,0.317520006712051,0.23398960409409,0.299148652692467,0.34243740026539,0.322200855562072,0.26771357763114,0.192057254873553,0.3722865735156,0.298022201396286,0.166308455449315,0.317074930387387,0.293481663959933
"Al Jouf",0.317520006712051,1,0.397605281823719,0.53212890760945,0.753544324867911,0.816684819955145,0.517744627307358,0.479992014871033,0.668921672939814,0.635658367323635,0.380454253351727,0.58745580927971,0.654601427969679
"Al Qassim",0.23398960409409,0.397605281823719,1,0.264576505965143,0.414283381283525,0.551990635527155,0.331020938549701,0.191379836837103,0.459899015384011,0.440734206186433,0.218566149428589,0.342994061355427,0.492775595765846
"Aseer",0.299148652692467,0.53212890760945,0.264576505965143,1,0.692638600381652,0.520471807661373,0.585591686524521,0.755459345676312,0.636077652638138,0.488600700452334,0.079531120839299,0.796640789600555,0.538188600967916
"Eastern Province",0.34243740026539,0.753544324867911,0.414283381283525,0.692638600381652,1,0.78868258995145,0.637821580796462,0.712750749804097,0.689993829524767,0.676484659933323,0.246703474457019,0.749722978510954,0.656597944680098
"Hail",0.322200855562072,0.816684819955145,0.551990635527155,0.520471807661373,0.78868258995145,1,0.511981310296199,0.505100966480282,0.696820816036173,0.674692845903487,0.335905242313372,0.611326051499343,0.646383787864418
"Jazan",0.26771357763114,0.517744627307358,0.331020938549701,0.585591686524521,0.637821580796462,0.511981310296199,1,0.665766688995128,0.583895606953003,0.470908001401019,0.0818961795557939,0.66774432587066,0.520370095461178
"Madinah",0.192057254873553,0.479992014871033,0.191379836837103,0.755459345676312,0.712750749804097,0.505100966480282,0.665766688995128,1,0.52326693672985,0.472364312396737,-0.0555197604771368,0.827805596051743,0.470968117023356
"Makkah",0.3722865735156,0.668921672939814,0.459899015384011,0.636077652638138,0.689993829524767,0.696820816036173,0.583895606953003,0.52326693672985,1,0.643281245325554,0.294740436588649,0.745117324714052,0.652043135148076
"Najran",0.298022201396286,0.635658367323635,0.440734206186433,0.488600700452334,0.676484659933323,0.674692845903487,0.470908001401019,0.472364312396737,0.643281245325554,1,0.287599833333284,0.624004651661217,0.686647509550198
"Northern Borders",0.166308455449315,0.380454253351727,0.218566149428589,0.079531120839299,0.246703474457019,0.335905242313372,0.0818961795557939,-0.0555197604771368,0.294740436588649,0.287599833333284,1,0.0935729202915921,0.265985510510684
"Riyadh",0.317074930387387,0.58745580927971,0.342994061355427,0.796640789600555,0.749722978510954,0.611326051499343,0.66774432587066,0.827805596051743,0.745117324714052,0.624004651661217,0.0935729202915921,1,0.588265360296761
"Tabouk",0.293481663959933,0.654601427969679,0.492775595765846,0.538188600967916,0.656597944680098,0.646383787864418,0.520370095461178,0.470968117023356,0.652043135148076,0.686647509550198,0.265985510510684,0.588265360296761,1
