"Region","mean_inflation","sd_inflation","min_inflation","max_inflation"
"Al Baha",0.00103602950510953,0.0215223424243246,-0.0847045778412454,0.0869229538558445
"Al Qassim",0.000537147226341805,0.0189404037873009,-0.0992084636774937,0.136323696282095
"Aseer",0.000503936796566622,0.0112932273297837,-0.0487593908743911,0.0636520409021637
"Riyadh",0.000431844612662014,0.0113626870853297,-0.0597817669423106,0.069710757499843
"Makkah",0.000391874847395834,0.0106995115544538,-0.0505515730083825,0.0560463489670289
"Northern Borders",0.000387147179767139,0.0167161391642901,-0.0614796344140194,0.0631408570049974
"Najran",0.000339538348525526,0.0126148107316864,-0.0729409691792613,0.0581707834213718
"Madinah",0.000297158066150629,0.0108575097091434,-0.0380643613172822,0.0533373322285744
"Hail",0.000295956928642584,0.012171846755044,-0.0628831044757385,0.0597832680944244
"Al Jouf",0.000272132877631722,0.0105144882565285,-0.0461049676227114,0.045191052737227
"Eastern Province",0.000258241190359641,0.0092641103539478,-0.0319453759450132,0.0553320081396942
"Jazan",0.000170361132351033,0.0160044003401854,-0.0706673199632881,0.0984003859207014
"Tabouk",-1.5428542164232e-05,0.0102347966435707,-0.0584033097569723,0.0652321607779145
