"parameter","value"
"Estimand","Theta_3 = theta_1+theta_2+theta_3 (cumulative 3-month spatial predictive effect)"
"Effect-size grid (pre-specified)","-0.2, -0.15, -0.1, -0.075, -0.05, -0.025, 0, 0.025, 0.05, 0.075, 0.1, 0.15, 0.2"
"Primary lag-shape","Equal: theta_k = Theta_3/3 for k=1,2,3"
"Secondary lag-shape","Front-loaded: theta = Theta_3 x (0.6, 0.3, 0.1)"
"DGP","Fixed-regressor (observed own/spatial lags, region/month FE); y* = fitted(restricted model) + true spatial effect + moving-block-bootstrapped residual"
"Primary block length","6 months (~T^(1/3)=5.36)"
"Block-length sensitivity","12 months, reduced grid (-0.2, -0.1, 0, 0.1, 0.2), R=500"
"Primary replications per point","2000"
"Secondary-shape replications per point","1000"
"Block-sensitivity replications per point","500"
"Primary inference rule","Driscoll-Kraay joint Wald test (vcovPL, Bartlett, NW1987), same as Stage 14/18 primary inference"
"Validation inference rule","Wild cluster bootstrap, B=199, at Theta_3 in {0, 0.1, 0.2}"
"Validation replications","100"
"Seed","20260921"
