"weight_spec","lag","estimate","std_error","z_value","p_value","ci_low","ci_high"
"Queen contiguity (primary)","theta_1",0.000796336912790298,0.0353882850696656,0.0225028398867768,0.982046846672631,-0.0685647018237543,0.0701573756493349
"Queen contiguity (primary)","theta_2",0.0295513771739019,0.0334267566001951,0.884063552062646,0.376661907119258,-0.0359650657624804,0.0950678201102843
"Queen contiguity (primary)","theta_3",-0.0401779381144901,0.0452142256057534,-0.888612766805356,0.374211227381432,-0.128797820301767,0.0484419440727866
"KNN (k=4)","theta_1",0.00328042392103778,0.0378860687959377,0.0865865481770311,0.931000158738836,-0.0709762709190002,0.0775371187610757
"KNN (k=4)","theta_2",-0.00858241859126804,0.0500726612739844,-0.171399290009918,0.863909813008553,-0.106724834688277,0.0895599975057413
"KNN (k=4)","theta_3",0.0056673406318957,0.035781648960016,0.158386793136019,0.874152019971502,-0.0644646913297356,0.075799372593527
"Distance band","theta_1",0.0029448373179218,0.0372532204804998,0.0790492011143917,0.936993488641214,-0.0700714748238578,0.0759611494597014
"Distance band","theta_2",-0.00285800871907995,0.0369979938626315,-0.0772476672570774,0.93842652191616,-0.0753740766898376,0.0696580592516777
"Distance band","theta_3",-0.02357963711122,0.0360929579050179,-0.653302984290511,0.51356096888281,-0.094321834605055,0.047162560382615
