"block","coef","estimate","std_error","z_value","p_value","ci_low","ci_high"
"own (phi_k)","own_lag_1",-0.15606165550385,0.0851271665897943,-1.83327675236591,0.0667614248008445,-0.322910902019847,0.0107875910121469
"own (phi_k)","own_lag_2",0.0619501639716927,0.0545265752226278,1.13614625013133,0.255895361318066,-0.0449219234646578,0.168822251408043
"own (phi_k)","own_lag_3",-0.0367593250126483,0.0345514784162233,-1.06390020623223,0.287373909596558,-0.104480222708446,0.0309615726831493
"own (phi_k)","own_lag_4",0.0191471250390575,0.0756319639253284,0.253161812087301,0.800143174985905,-0.129091524254586,0.167385774332701
"own (phi_k)","own_lag_5",0.0361860517407562,0.0635668556725405,0.569259740125667,0.569179884230539,-0.0884049853774233,0.160777088858936
"own (phi_k)","own_lag_6",-0.0686578552140137,0.0619530133569378,-1.10822462853334,0.267764816938103,-0.190085761393612,0.0527700509655843
"spatial (theta_k)","w_lag_1",0.00616972832773656,0.0339407617860617,0.1817793120445,0.855755920612094,-0.0603541647729444,0.0726936214284175
"spatial (theta_k)","w_lag_2",0.0347833642568266,0.0336218036238017,1.03454783824276,0.300880124830583,-0.0311153708458248,0.100682099359478
"spatial (theta_k)","w_lag_3",-0.043231080372767,0.0454848868321486,-0.950449333474243,0.341883986870634,-0.132381458563778,0.0459192978182443
"spatial (theta_k)","w_lag_4",0.037217090500629,0.044294308710057,0.840222854458476,0.400783446480242,-0.0495997545710826,0.124033935572341
"spatial (theta_k)","w_lag_5",0.0240095583391351,0.0432276209002122,0.555421691944588,0.578606258785499,-0.0607165786252808,0.108735695303551
"spatial (theta_k)","w_lag_6",-0.0967554722554416,0.0602770795184443,-1.60517850281441,0.108454526958574,-0.214898548111592,0.0213876036007091
