"Y","M","Riyadh","Makkah","Madinah","Al Qassim","Eastern Province","Aseer","Tabouk","Hail","Northern Borders","Jazan","Najran","Al Baha","Al Jouf"
2013,"1",80.1102176087891,83.6460765520865,78.7946512109018,88.6580745501045,93.4424791297741,82.7174218129702,92.4099665840309,96.8945100951397,99.0991255953597,95.6960582282311,88.3404132774282,73.0118058221791,95.9775232234343
2013,"2",79.7328536884401,83.6051457204103,78.7710205099612,88.7199245233617,93.1567392028618,82.4866166003861,92.3778449355005,96.5813640564041,99.2721683604181,95.7193219991268,88.368053798391,72.9024671945638,95.8841474352327
2013,"3",79.7990586024554,83.4547907289403,78.8232599139545,88.7139427965294,93.2336556880676,82.5636784085714,92.4072600073801,96.6221207313616,99.4535902025744,95.5055199874114,88.363445754242,72.8907872470719,96.1463833679193
2013,"4",79.6102673868654,83.6086763366303,78.7916088876519,88.9761723783257,93.3598864623755,82.6845207215068,92.4868147347007,96.5677561944934,99.5192488754168,95.9081574138033,88.4357932611754,73.0356391102369,96.2293905201333
2013,"5",79.7083848513787,83.5228795686502,78.9683440695719,89.1638773624763,93.2242540365597,82.6688131237794,92.1830546364126,96.60185664885,99.5334779358232,95.4841222209927,88.3793305625833,73.1961042415961,95.8181133684697
2013,"6",79.632169123759,83.4832706430406,78.889903723737,89.0772519198677,93.7085075937157,82.6669359010452,92.2258982394261,96.5681119268985,99.3651439224795,95.9979715768193,88.4100345313756,73.2626229639496,95.9482804836183
2013,"7",80.1511825297786,83.6127140738185,79.3997642925186,89.4032935000462,94.310659388631,83.1552137848192,92.7031461415041,97.4913744513778,100.960616117425,96.3095925260459,87.9224078825816,73.4036632487721,96.0511016829158
2013,"8",79.8848255891154,83.8945635792777,79.4017885955893,89.6633234320416,93.6573192825928,83.1282816368928,92.5182952720436,97.1771975045198,102.655689611736,96.7505965725375,88.0000882705863,73.5288729199356,96.2137066674076
2013,"9",79.9152553944078,83.900787781583,79.7814174347427,89.9415260410417,93.7227155751731,83.2006019525417,92.4249027619007,97.0154668620913,101.939591821169,96.4598289204746,88.1058808471824,78.0316426527862,96.3194031117224
2013,"10",79.832817649743,84.1636044758195,79.6151906957181,89.6972263945738,94.1999905529575,83.1520539876987,92.6852848673118,97.6218275659681,100.163765858885,97.017351510835,88.0763729085835,78.3348695025046,96.2823110300328
2013,"11",79.9308953726147,84.4647380124438,79.7147435035263,89.5821282267396,94.1868448967144,83.5562303805904,92.8255833466946,97.7395151127189,100.821823116675,97.0302939773649,88.1279540952317,78.4334630128873,96.3249139859599
2013,"12",80.1687833475143,84.4328917945836,79.5657265283047,89.4952523841229,94.3696482915779,83.6753852288136,92.6389899294464,97.7005428388183,100.226652898642,97.1450141373053,88.2690305166194,78.6400748488404,96.5594777659301
2014,"1",80.3141807729907,84.8354253385056,79.8327113136783,89.4908942994098,95.6165467935492,83.8755177920149,92.562898379717,98.1010834836171,100.841244414926,97.0378156239077,88.2537518957493,78.818284962197,96.6633776439391
2014,"2",80.4782464278918,85.081893224008,80.1132744212104,89.2890015976922,95.5112449220511,83.8423993030425,92.7447153139181,97.788903494031,101.889270658726,96.6191415941763,88.4334983528473,79.0597315211164,96.5432319599763
2014,"3",80.4360011734269,85.2819582442005,80.3455530608094,89.2970911161864,95.6075211837993,83.9479997863098,92.6816700134087,97.8661584046568,102.819652262019,96.9705061077718,88.4502835490859,75.0420329780038,96.4995711658368
2014,"4",80.5380794860446,85.7739404828729,80.5646757152952,89.5178734439524,96.0504027147903,84.0896214874175,93.2137383232533,97.9249394659891,105.008129057798,97.3774153562805,88.6314248996088,79.9546725895833,97.0221217974558
2014,"5",80.4649917469403,86.0165416032314,80.8266116026723,89.5346873431541,96.1197865131844,84.7047681162807,93.2749607646104,97.8725908902112,105.168638535864,96.8660934337027,88.5116690157022,75.4310690982624,97.4103652138221
2014,"6",80.2772618022143,85.9967251114131,81.0091077120878,89.7912728159962,96.6224769389508,84.7777496494382,92.9565388466644,98.0586497741658,105.330288430453,96.8665641748631,88.5013221991828,80.0233488701638,97.5573298967944
2014,"7",80.56144468795,86.3543076701042,81.5384223859756,90.1989416116948,96.5476080501531,84.9427432087296,92.2723229397152,98.3360704134709,105.941262452319,97.3416460783539,88.5668976592221,80.2634554508282,97.5833266537882
2014,"8",80.2886566284752,86.4711560911447,81.9809858709822,90.350444245954,97.4312990544038,85.1527553740664,92.5261443490268,98.0429488899488,106.97648127987,98.2517135909991,88.7154196541483,80.5153080005103,97.6995844979065
2014,"9",80.1939914986533,86.6817685901433,81.9977222446889,90.6138663875312,97.2407617505037,85.3565790544554,92.6844066097319,98.6088703274424,107.006197135484,98.2078674002557,88.9119470026729,80.7791467190312,97.8976052972069
2014,"10",80.3256768758773,86.7841299331705,82.70132241145,90.7382514491804,97.2760491850559,85.3445899372075,93.5680333038759,98.5865377153031,106.868744046251,98.2897376607817,88.9560074912777,75.7865855073715,97.9645138192351
2014,"11",80.440984794864,86.7555459032304,83.0230766768208,90.6423440338527,97.1254629541539,86.0802104039834,93.516724699887,98.6784501851894,106.756042862463,99.3862807941036,88.9012173412588,80.6366096194392,98.1093057363142
2014,"12",80.4509015146537,86.7240027163624,82.9605251161724,90.5584054240756,97.4329296853007,86.0970743158421,93.2922132284501,98.5690008494941,105.551496879418,100.358405972464,88.9191911397761,80.6560847635598,98.0989131964283
2014,"-",80.3974602611043,86.0605715800052,81.4007377318468,90.000274854404,96.5458425663786,84.8475406549832,92.9403151912363,98.2023339231203,104.994028211617,97.7916491686795,88.6457732359908,78.8853313770254,97.41908620774
2015,"1",80.2830145261576,87.2215250684666,83.125780096435,90.6645062364804,97.7995054134689,86.167963949658,93.5336593591283,98.9083839085008,107.204147222839,100.751675970144,88.7634927239246,80.7732062157928,98.1588663476377
2015,"2",80.3012397201397,87.1878571560004,83.2738013230457,90.8169826042379,97.6346452806012,85.8673071075243,93.1858360599974,98.7986362093307,107.089854324798,100.365711684554,88.7926471769976,76.2631225835467,98.0656898258441
2015,"3",80.2996181051031,87.2705880099133,83.4208650558384,90.9025908887989,97.7820520427398,85.9071157558458,93.2048016437072,98.9905176544153,107.083036444879,100.417471169658,88.6701643525176,81.5317837035231,97.9106230935162
2015,"4",80.2480608805649,87.2766196553696,83.5244459503597,90.8401896953041,98.2671272126875,85.7837851319377,93.0198280277068,99.1541284937386,107.015875480658,100.423183445275,88.6147367039788,81.6596588269065,97.8002297264018
2015,"5",80.3659546580435,87.6126090886717,83.6672465827769,91.4110415580545,98.1820847644561,85.8049190915878,93.2478428547802,99.0417530584626,105.928484120894,100.340772384636,88.6673858519363,81.6645779979009,98.2168918440524
2015,"6",80.3437883018342,87.9289406145392,83.8143916057605,91.2365699898668,98.2236245538512,85.6559787054899,93.391467407902,99.145581675774,100.723800778696,100.351178465453,88.8221969103472,81.8122878189912,98.3950825260686
2015,"7",80.3867671398049,88.061027064801,83.8521646747527,91.3751631947212,98.2681946894209,85.6571484405005,93.4922837513225,99.138428180635,100.491613391812,100.390854900649,89.3598130829586,82.2316488683276,98.4432627979585
2015,"8",80.3045652282271,88.0675263050654,83.837359658996,91.662484459933,98.0715214504211,85.6358901007282,93.4904307636417,98.9854166089188,100.363742894805,100.073211839111,89.4509543786135,82.2203062029173,98.6592386894637
2015,"9",80.4019386872449,87.9652004044122,83.8380383773129,91.6788081719822,98.6274272696491,85.5404572695355,93.2758818152677,98.842592483359,101.039513201303,99.306248125767,89.4726763156905,82.2712653132543,99.0074494328312
2015,"10",80.6252636745248,88.2065259799473,83.8537298560204,91.9001279498588,98.3555272439998,85.4748874527121,93.3355351936972,98.7911787114865,101.070340878982,100.773860420463,89.4618121001199,82.5103099270829,98.1414883233625
2015,"11",80.5336790570636,88.5962983103342,83.7444433283641,91.579540474472,98.5291156126995,86.4362789069377,93.34709163261,98.7906194477392,100.53700067017,100.478892438395,89.4506886347334,82.714238563744,98.2330620150689
2015,"12",80.5196793529616,88.6302052310286,84.1803894208201,91.3794970153904,98.49357762019,86.5794761734251,93.362823553778,99.0197546793907,100.537157456288,100.431673747636,89.4724516958206,83.004438143685,98.4426678402576
2015,"-",80.3843862932277,87.8340085911587,83.6772499636545,91.2864944664576,98.185741419195,85.8752872867588,93.323849356758,98.9671588075324,103.211713016827,100.341418407525,89.0824980163182,81.5364994022616,98.2890418943967
2016,"1",82.4194160410526,90.705910977499,86.735791835257,93.988665648789,101.150365809112,88.6268975141591,95.7304101605251,101.390918258088,102.436605582336,102.874861415498,91.1767366736709,85.7727945522876,101.223914283757
2016,"2",82.5369062060126,91.0698981759491,86.6332350926036,93.9383624274899,100.778969698835,88.5432138970775,95.6139285072427,101.195406978479,102.272700737634,102.679499077964,91.0317019852216,85.7935770066066,101.453094657392
2016,"3",82.4842712163057,90.9658078942875,86.8869260289907,93.5146980823973,101.126588380276,88.4717069260426,95.3935621836541,101.149269037941,107.012385106903,103.01967625817,91.1553696465432,85.9524693113778,101.48432606967
2016,"4",82.612723369245,90.9598377536845,87.5568806420596,93.4104843307673,101.492311796185,88.3124425978271,94.8950473774808,101.090805210013,107.03733279586,103.048114759916,91.1008003290372,86.034691438187,100.869895265514
2016,"5",82.5623267967353,90.950056516459,88.0465291917552,92.6557945644808,101.035955242487,88.3280243603705,94.3835642002527,101.027063977113,106.91469812342,102.75804736066,91.2297125357798,85.9978095339761,100.967635315399
2016,"6",82.5566638490797,90.8876924445109,88.1402777880438,92.6137221395552,100.969115057582,88.6644799751988,94.2996170937668,100.900382456338,106.837965618642,103.039496477487,91.1002069078617,85.9139211800022,101.052501841572
2016,"7",82.6618249775706,91.1441608294822,88.1446397334163,92.7729006545426,101.096020311303,88.4509382142299,94.3449671275887,100.958854469912,102.403989367023,103.3803420932,90.9201540871354,85.9968588918505,101.038931977908
2016,"8",82.4929770257381,90.8480101572354,88.1793132324402,92.7126709737958,100.972320958754,88.30856267232,94.3867894896936,101.299381121291,102.436626664434,102.739015297395,91.0639547695531,86.1795532007851,101.034130711986
2016,"9",82.6649677831725,90.8231500402262,88.1203557301929,92.7471557077933,100.848133414518,88.2893376344359,94.3794929264489,101.204820920134,102.163482146634,103.19243642544,91.0352691709004,86.4264448503401,101.236148308838
2016,"10",82.4957656528682,90.8224809744403,88.2775785611006,92.8328817526795,100.591682027107,88.5370560689014,94.1883038359812,100.81262098094,102.223043173989,103.012373268479,91.0385139001522,86.3314503123938,100.716404513438
2016,"11",82.2472468210954,90.4081043161406,88.2414923899318,91.7999715071973,100.305467335927,88.4424628176566,93.8746145022364,100.299334875076,102.2358167798,102.929809283274,90.8681692211884,86.077338992128,100.043752635619
2016,"12",81.9818161203551,90.252598104879,88.1898054652061,91.4025185633829,99.8588168707043,87.7046482720599,93.9494152963337,100.083625228782,101.879802225353,104.345507942095,90.7173758849858,86.0941618530599,99.509099280931
2016,"-",82.4762026828498,90.8194710276117,87.7605957192108,92.8628707347828,100.851294597898,88.3896565103379,94.6180299145539,100.950335516184,103.797745551366,103.084063464336,91.0363945648782,86.047387606283,100.884312701648
2017,"1",81.9922506387814,89.9482874923396,88.5896444738678,91.161219617231,99.751939884199,87.7916725618391,93.9449273375724,99.8262661930345,104.478336404997,104.569868853949,90.4768837036644,86.1569859125653,99.8387744502622
2017,"2",82.2507355162082,90.2096346008312,88.672878943029,91.159587863662,99.4957385924065,87.9483694341803,93.7839303676078,99.9232895090317,104.146369472343,104.708254882555,90.5492358906568,86.0511608554632,100.011741767462
2017,"3",82.3427075283137,90.1702298313448,88.7705346186573,91.1693830593035,99.354838670305,87.7941981987901,93.7217636580196,99.845558361747,104.173011950303,99.1763225452969,90.5328400852384,86.067382474352,99.5332351381287
2017,"4",82.5080608871865,90.2584806151501,88.8664479784775,91.1761771723252,98.9270071255413,87.9039168194739,93.8884682470363,99.8162724348238,104.167616836346,99.0884672770616,90.5693535914011,86.0197370908892,99.3777343303272
2017,"5",82.3967405293759,90.2961744038051,89.1025982746021,91.0210912271488,99.0803961573733,87.874253665673,93.5273342260241,99.8918432211221,103.913296767716,98.6924818812218,90.4900982465129,85.9968070926676,99.3266271193615
2017,"6",82.1576972996804,90.4531700702171,89.0570074880759,90.922756258493,98.789017104968,87.6982840930913,93.461330719445,100.114480669195,103.492608377807,98.8289159163601,90.4956830594338,86.0652177117276,99.0071567744624
2017,"7",82.1874554940791,90.4318791167775,89.0654978433623,90.9309383309401,98.7303857922387,87.7134992645348,93.0953233479348,100.114480669195,103.279443604679,98.7287124413578,90.0999774320057,86.0652177117276,98.9868486349875
2017,"8",82.1598500200005,90.0012812601749,88.9793257602609,90.9394682119038,98.7915971718283,87.672776163533,92.9603684547623,100.114480669195,102.999929112404,98.7134887682471,89.3833961961693,86.0951513347779,99.2075449658869
2017,"9",82.4159035835151,89.9209421825458,88.7001783623691,90.8674510055937,99.1272734317688,89.8814631951411,92.7554818228667,100.125010796862,102.680104072694,98.218090057142,89.1456782404457,86.0631613057693,99.4871171516934
2017,"10",82.5915477927633,89.5174987454755,88.4394312632165,90.646005267411,98.7725077103649,89.5916769505453,92.4574352355293,99.9960629743736,101.194665576822,97.4352572759266,89.143425529246,86.0585218530331,99.2809541070401
2017,"11",82.1769994488229,88.7345038623987,88.5107691530666,90.6432869521391,98.5142950631495,89.6677215813502,92.1207832225001,100.192347264566,98.6040788155867,96.6441023760691,89.349132613718,85.8919219369221,99.0711625429141
2017,"12",81.9467294486251,88.862107388988,89.1697527429532,90.6349925785122,97.6557988100352,89.0602761067296,91.9623153449377,100.003098727747,98.3879460031843,94.8956220249385,89.0069939341616,85.6438787905073,98.9872570240651
2017,"-",82.260341840919,89.8986549940576,88.8266876845728,90.9391406793698,98.9145754326134,88.3791368959694,93.137584311714,99.9968504389724,102.60594508252,99.1047915177502,89.9346464361381,86.0145016038314,99.3425045542448
2018,"1",87.3987805498512,90.1231357072257,101.277759865598,90.042582472378,101.213545073177,95.3409829347894,93.1299901553394,100.766657944409,94.3890586113773,100.611232450216,90.2522606122069,86.356921473089,99.5748779531962
2018,"2",87.6477814713432,90.3392871231882,101.10989299126,89.938358331753,100.724371102461,95.1995322306075,92.9921381064574,99.6362641134769,94.3789930856204,100.353089213333,90.3651669161737,86.261755084349,98.5916614838516
2018,"3",87.7519590072975,90.11330332553,101.038309179042,89.8721390989126,99.9806388245922,95.5485040027061,92.4968806630155,99.1422782260649,94.0621192634329,99.4184677103826,90.3936083420671,86.6556802453105,98.2461457413892
2018,"4",87.7110749961332,89.8483484206524,100.860696793676,90.2159379823567,99.6095258644123,95.951839341602,91.6210285203823,98.6207506231278,93.7960735886948,98.2158739738235,90.3211770386556,86.3828633946849,97.4571637305283
2018,"5",87.4816170351286,90.0683874267899,99.9259331364985,89.6728258147271,98.4596619167184,95.5212440281616,90.6880162431847,97.9206199486305,93.7926222765996,97.950248249776,89.8233935512527,86.3502369874079,96.7554648797957
2018,"6",87.4714699242935,90.2384166070593,99.5409670123477,89.6762415784944,98.8867601515864,94.5776374593501,90.5292886917291,97.7691659644472,93.2658747211697,98.2816475190191,89.8755516153688,86.8625311121338,96.0056683802475
2018,"7",87.5471998244453,90.1946803286391,99.5393231089478,86.3523720150661,98.7773724268272,94.9361083574325,90.6884017272983,96.551160586707,93.2870846676183,98.6380231287455,89.1615847514708,87.1205461579825,95.9420129655406
2018,"8",87.5281588216073,90.0636945500345,99.1716371239458,86.2666003915825,98.3850994998205,95.0627676498559,90.8786391106975,95.5779054694882,93.1960734024788,98.1613091740346,88.8094478381862,87.1532477516974,95.6998672457966
2018,"9",87.5610795763187,89.9705268496274,98.193818258742,86.182261615683,98.2084570704631,94.9276915025988,90.9790380021558,94.9648175815963,92.8578208210372,98.2053957820257,88.7451213008287,86.8877762266895,95.1056875402502
2018,"10",87.4228734348436,89.6084505971851,97.6067986498706,86.0544195750214,98.0313393219611,94.0143245562059,90.8857065197647,94.6252564648496,92.3301435336541,97.2525957579651,88.5318361351923,86.8533207661033,95.2415118820019
2018,"11",87.1429249961973,89.4397287769653,97.4883847592488,85.9964006946269,97.7688895883468,93.9584370017818,91.4663768991734,94.2520670869127,91.3606818125312,97.4182431589152,88.2223052694212,86.7535880845189,95.1387136281666
2018,"12",86.8481919788064,89.0886483603183,96.6748784933206,85.5516786001,97.5629442449264,94.0748215874263,91.149687365939,93.854238804793,91.3956225936348,94.6647320270562,88.1321027640335,86.5703901640085,94.4486637896943
2018,"-",87.4590981070936,89.9240201725156,99.3575165278926,87.9639441811791,98.9610716012688,94.9241040912877,91.4545569356563,96.9480166271703,93.1707253708803,98.2530726760852,89.3821733444858,86.6835818799076,96.5049978099594
2019,"1",86.9095830951825,88.8029116731076,94.0651069477026,83.9094065492282,94.396929607097,93.582054675501,89.8537124950311,90.5607307675815,89.4683798384234,92.7255836017641,86.921349461047,87.2466900473026,91.6512299862457
2019,"2",86.6861726522,88.5080676883803,93.9788728555217,83.7459226184876,94.2751422688031,93.5807298683785,89.7265741721991,90.4223272090192,89.4128256434381,92.30346167221,86.8696999323474,87.0198150140304,91.2378017885772
2019,"3",86.6652127098346,88.3990954272652,93.8748603645487,83.7248050119459,94.0899423885519,93.4401093173561,89.4317882795415,90.5260762721321,89.3691630430673,92.2381213731088,86.3495253033457,86.9913693219788,91.2558831135125
2019,"4",86.7051400861908,88.354697219435,93.654809307838,83.95308266565,93.9998920232968,93.7417456889462,89.4254469564745,90.4195690774856,89.4948986894471,92.2606162068258,86.2941935489979,86.6955333704017,91.0099057824315
2019,"5",86.702300249293,88.5530986962737,93.8839652281157,84.1198581343608,93.9049624413138,93.5109480120992,89.8002073375668,90.3852644239966,90.2928239951634,92.5825804377466,86.139032742618,86.6853704492997,90.7739603412782
2019,"6",86.7152683061345,88.4543865973904,93.7580502976353,84.432270787707,94.6686921743839,94.1189686712543,89.9371444291949,90.3724646133482,90.5458743624445,92.867949796595,86.4572308763993,87.3238250084204,90.4481929636392
2019,"7",86.8575289240231,89.1897195705693,93.7337306448307,84.4105388100172,93.9442558776526,94.3334730996654,90.3060723919367,90.708660331425,90.6193495197365,92.8291640041569,86.2559216503843,87.7808260315395,90.0614356183865
2019,"8",87.0320381952406,89.2684009439583,93.7398366652278,84.8399521347108,93.8316470092461,94.3612192338094,90.8226385120905,90.8081489379699,90.7262379545416,92.6595204385609,86.1547282880137,87.6770432950365,89.8525532147779
2019,"9",87.4701994019043,89.306001759205,93.6955579253712,85.6033880831381,93.7998640860774,94.4662288204123,91.0348264393935,90.7952970608064,91.1407230489621,92.3683248984526,86.1360949871014,87.5930988509223,89.8427223681728
2019,"10",87.6397858246896,88.9976363844198,93.3650187278366,86.1451977642132,93.6195036142627,93.8898570857133,90.9524453483896,90.5069265055415,90.9257369793525,91.68335953139,85.9930388372533,87.5860694789641,89.8226564926888
2019,"11",87.3400313847078,88.8588819423967,93.5477108066439,86.6321535858275,93.3884859753429,93.9833104534157,91.2068415152483,90.3575181269114,90.392368642057,91.5885275810663,85.806198150962,87.5136037852948,89.7021111271392
2019,"12",87.9816118409508,89.1371516891051,93.7857402926352,86.7075414624556,93.7046962198607,94.4507434558159,90.974382408388,90.7212686416962,90.558865540162,92.3217046950438,86.1277742589018,87.4789160702371,89.675145306386
2019,"-",87.0577062391118,88.8185123430466,93.7567660433138,84.8451980180972,93.9680639418011,93.954224416668,90.287059879476,90.5485437695295,90.2435343305028,92.3682479104066,86.2914966684014,87.2986111605018,90.4419093133307
2020,"1",88.0908349383769,89.1201948067399,93.8331652251805,82.7887697930223,93.5322848979951,94.461170506829,90.2651437463018,90.6688356774454,91.2093169465363,91.8125689082829,85.6274681714186,87.22706511245,90.4644321455548
2020,"2",87.9963037145819,89.3952546625956,93.5717207070501,88.7341313591971,93.3339934651114,94.6345660060417,91.1303346442134,90.706455752215,91.0232526531788,93.0468919234131,85.6790161750133,87.6447411582853,90.1206083080497
2020,"3",88.149389627146,89.4245043282359,93.7539898132527,89.4201143390642,93.4904754407192,94.7533614124242,91.1140976159633,90.7981521095151,91.1982576460964,92.7949778964131,85.6521146631532,87.8733176414519,90.0552027093013
2020,"4",88.1831932279538,89.122182597207,93.6620241222608,89.6743194736498,92.7972022228189,94.7583699099438,91.2126006667773,91.0713771975186,91.4385687582702,93.169925998658,85.3802673345411,88.0846373497093,90.4191744801014
2020,"5",87.8214247763851,89.0059885211896,93.1145350736202,89.6085741527193,92.5456605636665,94.4853042243543,90.8980478655795,90.403321577145,90.8296338193741,92.8854376923993,84.623910706,87.8357036718573,89.790479523852
2020,"6",87.6566628727399,88.6922848294885,92.8929473168395,89.4249667740717,91.8516756077898,93.1530957264104,90.4892605855498,90.1878993746649,90.7148042333832,92.0045738797699,84.5466722475478,87.6080622024697,89.6010557519349
2020,"7",93.985299597581,93.8051026698298,97.9821244275649,94.6607323376072,97.0772508933123,99.2752575353799,95.1655932471029,95.0593435230539,94.8301231934891,96.5031228457067,88.6225340025664,94.9012372802517,93.7090638399712
2020,"8",94.1169030077658,93.8555230748613,98.0223586004136,94.8711277516089,97.1541358892632,99.4051257671647,95.4040945066251,95.4534640876753,96.0603023978799,96.1146912641707,89.6689797702332,94.8962133491159,94.0150228616862
2020,"9",93.6304367891658,93.4689258668135,97.9993386080172,94.6627334365598,97.0756840576921,99.4065023669318,94.7547399414327,95.7716076904564,95.9520196888468,95.9741587991666,90.0218629713471,94.9413442201979,94.1701523574701
2020,"10",93.7760568514575,93.7237406316685,98.0742059083444,94.8803019756437,97.0518740314718,99.5192238738603,96.349628744608,95.8324250822789,96.5520936523191,95.5644057044693,90.7562103986134,95.1483846141717,94.646397081062
2020,"11",93.6216514553233,93.6421416275279,97.6153286880421,94.705333339626,96.282623220209,99.4537735115546,96.3756297228922,95.8098041152948,96.4975367312505,94.7509463495425,91.6118334653142,94.9785367109232,94.5428189828799
2020,"12",93.4173022768388,93.6036976850216,97.2021246680632,94.5536187861748,96.125829126864,99.3632365251012,96.6111385451093,95.5414487010457,96.7949314590639,94.5721395319689,92.1620935076709,94.930991912182,94.372888437088
2020,"-",90.8243205656599,91.3763473617002,95.6184102349067,91.4233471712154,94.8387152854813,96.8555744038912,93.2800894709744,93.0755144666859,93.5565103266981,94.0858124556614,87.8194310889103,91.2669162868092,92.1348420735126
2021,"1",93.3628698610146,93.3368866026058,97.6306889790448,94.5064925674556,96.4839999859894,99.7866632274701,100.454192521762,95.9087228513053,96.9648448500965,94.9982838224123,93.5599455923395,95.4165977924602,94.6668971913242
2021,"2",93.502432544614,93.0141674467406,97.7417639526718,95.063784073425,96.6762269947313,96.3289474282268,100.246393282012,96.0959780785412,96.4137968351358,95.003801494182,94.3788570692851,95.4776477773603,95.110825099608
2021,"3",93.3443776852447,93.0712582504253,97.8848829786045,95.2532275138325,96.7349429443107,96.548424103337,100.159587720991,96.1526651316565,96.5165759679668,95.1043363118607,95.4768530501132,95.4395953486106,95.1600915358325
2021,"4",93.6055201301978,93.1982971819395,98.07943316022,94.7083612118128,96.7949536264,96.3240957127503,100.653534507679,96.3495707717049,96.9891730750957,95.4820190403442,96.5283356626225,95.4393533397057,95.8149320330929
2021,"5",93.8284309870735,93.2660207848415,98.1166669182435,94.8329436082515,96.9640150562778,96.8807490313482,100.479207709219,96.2838111901478,97.5823129619488,95.4561551654008,97.5584849428448,95.6940965252627,95.7144621383965
2021,"6",94.1487801564089,93.2200436050391,98.1912612179391,94.820727565503,97.1774684792339,96.9720719186905,100.339448337413,96.354992257137,97.8602420546973,95.4484598439134,97.3681311405856,96.0359433550762,95.8426488328794
2021,"7",94.2566278806038,93.5632285343011,98.1958484711853,95.0953559988501,97.6609640372697,97.0770506075644,100.420607685224,96.4448387309001,97.8209154411727,95.4975698481969,97.9135732140699,96.2472635809341,96.1499289923753
2021,"8",94.3611044328313,93.6338067491176,98.1914087943015,95.2148659570949,97.819042440695,97.1873529227251,100.38636362147,96.508488751928,98.283198321381,95.4936670602472,98.4546443670049,96.3718323852815,96.1975238230582
2021,"9",94.8287282114311,93.7165681016146,98.0839180167185,95.0378621442638,97.655461946766,97.1555877743215,99.9617155807534,96.6638917795738,98.172623298466,95.5670526832378,98.8434385737294,96.3091731874116,95.6534015367245
2021,"10",95.8013070040329,93.6870625734593,98.1166720361596,95.3713338394454,97.6949373606118,97.5496882693872,100.215112798459,96.5511895156783,98.6340643957797,96.3638519068286,98.8274490970666,95.7890130758542,96.5577629094056
2021,"11",95.7444786654557,93.6892620818394,98.2745589026539,95.4169298586671,98.3635226610634,97.660576507419,100.380806743873,96.5093208120304,98.8138538830918,96.3207071272183,98.791863256538,95.9972174881655,97.1368163425193
2021,"12",95.729847429558,93.5184756998997,98.1653833048216,95.6724798653522,98.7941525253318,97.8466439972456,99.8531655756958,96.5625803003878,99.2271812622062,96.1096655248707,98.062068421639,96.0338389373871,97.355355861953
2021,"-",94.3719158069099,93.4092718891815,98.0558560741379,95.0823399611003,97.3992169785382,97.2724605903796,100.295614060988,96.3652689870622,97.7693525551738,95.5694214340599,97.1315948214538,95.8536795172506,95.9436842904118
2022,"1",96.0961104978956,93.6050496707606,98.7322041867371,95.8080952717975,98.1442639441781,97.9226983734226,99.6288181358634,96.7488785069671,98.8394653200152,96.9213421001848,96.7433932201521,96.4372898290371,97.7645689470512
2022,"2",96.4604325161279,93.9114526438342,98.7506937732113,95.6268992948374,98.2032186083002,98.0584065202463,99.5594033031331,96.8522397491912,98.907479281449,96.7528807572956,96.9461538748353,96.435028426094,98.0656017446549
2022,"3",96.4215015355561,94.1825981328392,98.7198940244035,95.4769448740296,98.6551429214527,98.2393954977376,99.5682330448192,97.1646298881156,99.2399204914712,96.5927461555976,97.0071775204263,96.8872585381772,98.2507084477484
2022,"4",96.5469577282622,94.9680730752474,98.8276695712074,95.5389812672135,98.7307588478364,98.7839008055886,99.8441869048728,97.4802648983556,99.8508460981685,98.2363632614741,97.9896600463752,97.2415962220176,98.9115641064637
2022,"5",96.7422471617277,94.9844005679321,99.2110682206591,95.5178374653089,99.0637338229666,99.6303682383286,100.020609986297,97.6090801856187,100.173325244929,98.3752209761235,98.0881461126509,98.1869674802644,99.4884070733337
2022,"6",96.9430973779595,95.3272350127553,99.4883153646219,96.4404449566448,99.1209832254881,99.6572090055757,100.093212810886,97.8051599176127,100.263823035377,98.9285073399951,98.103494750922,98.2849112568644,99.7737264961055
2022,"7",97.3325512354147,96.1085382692906,99.4878591606025,96.9327372561291,99.5934901746508,100.255564012724,100.227984107482,98.0738801428366,99.875138746601,99.2363079250184,98.4330024171328,98.9093222608294,99.8603291035806
2022,"8",97.7124287993128,96.5463895072029,99.410361806201,97.1335290144567,100.250640467123,100.49157451826,100.427585537755,98.6151158319796,99.8827010660353,99.4150004900747,98.5753215016101,99.4445108421009,99.9348797748411
2022,"9",98.0027077022401,97.0602264593413,99.6112409017043,97.2421842385106,99.8159354485407,100.549565897468,100.75961273806,98.9878431755484,99.3416772570972,99.460320729164,98.6839596361996,98.8097375454043,100.018594860032
2022,"10",98.412444962356,97.9434127664939,99.7930064142872,97.4819091621992,99.9659468037625,100.695346686021,100.869176909953,99.6766196833153,99.0038709720831,99.7575111249446,98.8371179713078,99.1366826065865,100.216303951522
2022,"11",98.5501952354256,98.3887366675956,99.7645119029591,97.3034739812149,99.9416412732928,100.133212625812,100.709200175292,99.7359231799365,99.227044916594,99.8059812361286,98.953803280148,99.0371221320037,100.112165574531
2022,"12",99.1031728727127,98.7808656189421,99.5039695799826,97.2268419326865,99.420224975177,99.8233337253907,100.446567925982,99.5125476347183,99.6296006057823,100.133403285156,98.9540323799117,98.7969819372291,99.9113914522174
2022,"-",97.3557937045106,95.9689361470035,99.2742830482774,96.4742695514189,99.2398737160346,99.5153036373807,100.178536797912,98.1829696469468,99.5184609632894,98.627206982336,98.1065978675641,98.1283341168571,99.3554569161128
2023,"1",99.5707795610876,98.8680431425799,99.613396035506,97.7976844575892,99.3886081440129,98.1853787947942,100.112173475398,99.6809386636909,100.047982059324,99.9935175402138,99.2467016380794,98.9038244239175,99.5487886624953
2023,"2",99.1822424976715,99.5321715752486,99.7417844947602,98.3869359704505,99.8458236285771,98.2657023072316,100.360181669698,99.9002387671313,100.056854484714,100.452436478369,99.16683475424,99.2353422516734,99.6582100537677
2023,"3",99.4283679400797,99.9663645917625,99.9627477234662,98.4039322760454,99.6708948067637,98.3042380415003,100.220031425647,99.7665294773275,100.106863213864,100.193962144117,99.2380134959893,99.31333334619,99.70433437733
2023,"4",99.2523017339794,101.05414625974,99.971968071772,98.6185777004862,99.8008947366579,99.3667728573073,100.519425400493,99.1980743827416,99.9233128445364,100.462486732742,99.3087134415957,100.449277191594,100.075433536566
2023,"5",99.1856372537517,99.9783436792754,99.6779893985505,99.268877278576,100.183476667551,100.148529064617,100.471048483779,99.5108335402393,99.7996655824692,99.9492208978412,99.4189357805186,99.9014387982656,99.8218022885492
2023,"6",99.3325987764252,100.499118007713,99.4902042917062,99.4225923285965,100.044669793371,99.9024351561132,100.056297096961,100.229938144686,99.8118767607949,99.4326420289542,99.9391088817758,99.8938584994703,99.787989113991
2023,"7",100.203736291604,100.180622352928,99.3931176704886,100.029064924809,100.093921992934,100.567278495875,100.171013797139,99.9962138935488,99.8928861030982,100.002606066894,100.926394006867,101.066679152339,100.16030478259
2023,"8",100.173777936596,100.138084879649,100.232019037708,100.381093654576,99.8732286695786,101.648460665072,99.8478837543072,100.078551186104,99.6920045101304,99.3864860517485,100.584315287705,100.889738444741,100.242408369155
2023,"9",100.236715110716,100.035471259394,100.180154478837,100.907160892993,99.9612388428088,100.837456804383,99.3526127590577,100.005178883285,99.9853159790616,99.8926952938575,100.569505756277,99.6574068505989,100.067581048081
2023,"10",100.563462506955,99.9663441387957,100.55800993343,101.345861742913,100.451186452399,100.995578854701,99.3848048018974,100.480313171815,100.162722524663,99.9639246953687,100.760268150784,100.414510786096,100.109765050855
2023,"11",101.44139469387,100.015347560835,100.585015702935,102.047122625023,100.287580331427,101.067872175353,99.7900651152612,100.490848696018,100.264336789084,100.280026134624,100.513605108764,100.074158123141,100.377606560572
2023,"12",101.466448988657,99.7807744948301,100.603862156678,103.551813378521,100.403763336793,100.791119427658,99.722752419868,100.672503866388,100.258018471017,99.9962443946958,100.353370815402,100.224209635861,100.450460426297
2023,"-",100,100,100,99.9999999999998,99.9999999999999,99.9999999999999,100,100,99.9999999999999,100,99.9999999999998,100,99.9999999999999
2024,"1",101.780039287603,99.9268746271623,100.749652498991,103.492860111429,100.710586014523,100.532922308206,99.6559450115493,100.626649148917,100.966152648748,100.156906144849,100.970163860416,100.535546168414,100.575454357532
2024,"2",101.742372801419,99.7635337574451,101.800943435723,104.284820800798,100.883850975632,100.279269097858,99.6110610988156,100.91345911613,101.26791027496,99.8388043226299,101.136014131578,100.708463473747,100.934864047365
2024,"3",101.455554286103,99.467336299065,101.793457837194,104.853743367708,100.576045439531,100.158034694588,99.4878651749206,101.138655095611,100.976822325887,100.140190396445,100.827897060401,100.67453302031,101.034836312812
2024,"4",102.217022245789,99.7514964618804,102.496300799766,105.858642056718,100.614947157451,100.366084610032,99.7736818438604,101.433575490478,101.097671060311,100.682201924923,101.08567748047,100.839520237638,101.109265851222
2024,"5",102.506245649601,99.5816282340154,102.186652922168,106.212630807967,100.686163822148,100.336151032779,99.7227701770855,101.825357767143,100.960574639205,100.561084376494,101.247924937591,100.898003303426,101.03703173219
2024,"6",102.646156158542,100.177123246802,102.350154097301,106.520827083288,100.918878592502,100.51834913381,99.9621903224344,101.945152606815,100.872192056201,101.011587571068,101.519150446749,100.982708322311,101.527216595596
2024,"7",102.334100975348,99.8154758093526,102.84068116533,106.674958417036,101.008335222272,100.753904759719,100.096996721893,102.3051594676,101.260096559359,100.576696100316,101.68564441235,101.457841071238,101.607674936012
2024,"8",102.312808881802,99.8221930091567,102.812113381731,106.891125790877,101.386426399741,100.784637949345,99.7466207540076,102.624846517508,101.264165277441,100.368538150252,101.394275860326,101.229048953999,101.74337171108
2024,"9",102.388855074565,99.9525065378447,102.962572923146,107.365180329811,101.284771933815,100.218952425623,99.7553859169936,102.79565750088,101.192835046234,101.218756640382,101.681848198909,100.541633174223,101.572070875309
2024,"10",102.606105367249,100.135156950275,103.62159272552,107.19405013178,102.014136464647,99.5155206292815,100.635867589819,102.421233411509,101.081182546982,101.723750439508,102.093084393297,101.131061237885,101.484245443372
2024,"11",103.046706421267,100.518070414125,103.789405150222,106.836678333025,102.541796741687,99.698952376669,100.771798979154,102.213750013467,101.396903073897,101.879155900116,103.734144496828,100.64579714811,101.568074602312
2024,"12",102.996276089607,100.44320066466,103.907900290743,106.917816129724,102.341801187128,99.7598208269401,100.720119949246,102.238862431002,101.426230076843,102.013465562782,103.578565800217,100.593000287314,101.4382119755
2024,"-",102.334963381846,99.9457458960313,102.605477827963,106.085272807925,101.245166062002,100.24279846519,99.9940637168815,101.871329638435,101.146745369225,100.845217808541,101.742088860743,100.852698396428,101.30212646494
2025,"1",103.548715431872,100.757792871695,104.322080046479,107.301393514703,102.641551391601,100.062361379914,100.843705239741,102.681632298041,101.424096692215,102.487301678718,104.266968694513,100.909372054339,101.640354000052
2025,"2",103.699273126655,100.605277709151,104.913691164393,107.411617036333,102.712891856572,100.326522603287,101.024348486333,102.763206033959,101.43821483693,102.696006196559,105.052868498089,101.109984339673,101.711209805034
2025,"3",103.958541150784,101.045644408589,105.887963649604,107.493079617587,102.60902292899,100.381826979726,101.027566572448,102.842410892551,101.877643924867,102.949891132079,105.426720798617,101.176954557268,101.676318839969
2025,"4",104.468725357274,101.449751241993,106.055211759126,107.72328461769,103.049706336773,100.74451444855,100.89484657552,103.384623289111,101.902392880324,103.092472955366,105.308348546871,101.366639124477,102.044501464543
2025,"5",104.867705402292,101.618480238946,106.118957463074,107.819617286826,102.727160534297,100.533360040139,100.873722861417,103.304380571194,102.214487529023,103.081622047452,105.468863318082,101.879657425205,101.814873554652
2025,"6",105.196064403971,101.673391540766,106.118957463074,107.918189977879,102.924149607801,100.566692783042,101.012168048057,103.143130889076,102.433601002187,103.056848246083,105.435357988312,102.172986505059,101.83980096786
2025,"7",105.413532547104,101.653251308255,106.118957463074,107.949093632776,103.003163459702,100.852741325533,101.294346908764,103.454887815566,102.416757529763,103.009346246292,106.005348331913,102.417005102807,102.091623885968
2025,"8",105.675915113757,101.784990421409,106.203914563838,108.155369232677,102.718455392085,101.824827668967,101.131962718824,103.31703738004,102.441223499448,103.336720523551,106.080280946363,102.632276553571,102.142599834491
2025,"9",105.872734124375,101.514390749585,105.920556845783,108.693290293251,102.401392371046,101.158573814887,101.192936283437,103.567053701996,102.43961977579,103.425424350325,106.49180657809,102.635149149074,102.044720230745
2025,"10",106.249947125871,101.818829524274,106.187691847455,108.937289449732,102.645030863326,101.260752527409,101.582675709925,104.254559011217,102.768842408339,103.424300170402,106.848811499725,102.564128092568,102.361560406012
2025,"11",106.40253455455,101.907964410676,106.345973715448,109.010215571732,102.680996964767,101.112834848764,101.414986394605,104.315341867435,103.048350547554,103.37348837865,106.689143248343,102.471387345029,102.399929923691
2025,"12",106.58035060759,102.067005515257,106.502466792255,109.182059480439,102.584257589044,101.334439429491,101.419439182855,104.390755790388,103.301251870218,103.381250321155,106.694690727554,102.52487995602,102.509236712966
2025,"-",105.156278827053,101.4904517431,105.889639164463,108.131028657244,102.724662518786,100.845455293152,101.142462995825,103.450031339957,102.307364150857,103.109154806945,105.811411053328,101.986363746381,102.022671452456
2026,"1",107.001873027232,102.153563511542,106.195452276482,109.077290142946,102.721857003237,101.357942305266,101.004316771252,104.28561787284,103.453146643914,103.331705555241,106.906398111592,102.729001916196,102.853651230329
2026,"2",107.035524474009,102.087334355152,106.017428203562,109.127686331836,102.875370526533,101.532593167418,100.641874110217,104.238890816802,103.90536455886,103.363020231949,107.21542440152,102.823659821266,103.512232434612
