"state","estimate","std_error","ci_low","ci_high","support_density","weak_support"
-1.65896471445113,-4.73037807058857,2.93436900985369,-10.4817413299018,1.02098518872466,0.0582625331705641,FALSE
-1.58611201582637,-4.41099251257507,2.73427812269645,-9.77017763306011,0.94819260790998,0.0156171435915837,FALSE
-1.51325931720162,-4.09283158536339,2.5351377291972,-9.0617015345899,0.876038363863131,0.000328276720321793,FALSE
-1.44040661857686,-3.77711991975534,2.3377767915619,-8.35916243121666,0.804922591705973,4.74784563781442e-07,FALSE
-1.3675539199521,-3.46508214655276,2.14302675494898,-7.66541458625277,0.735250293147244,4.1047566679544e-11,FALSE
-1.29470122132734,-3.15794289655746,1.95172218857415,-6.9833183861628,0.667432593047881,5.9941220868947e-16,FALSE
-1.22184852270259,-2.85692680057125,1.76470171790473,-6.31574216766452,0.601888566522025,7.92976175242257e-17,FALSE
-1.14899582407783,-2.56325848939596,1.58280939273886,-5.66556489916413,0.539047920372217,7.40562122714139e-17,FALSE
-1.07614312545307,-2.2781625938334,1.4068967244727,-5.0356801737999,0.479354986133093,0,FALSE
-1.00329042682832,-2.0028637446854,1.23782577718313,-4.42900226796435,0.42327477859354,0,FALSE
-0.930437728203558,-1.73858657275378,1.07647396228076,-3.84847553882408,0.371302393316518,1.33804155423633e-17,FALSE
-0.857585029578801,-1.48655570884035,0.923741661715934,-3.29708936580358,0.323977948122879,1.08224057546656e-12,FALSE
-0.784732330954044,-1.24799578374694,0.780564671546881,-2.77790253997882,0.281910972484952,1.77614725665954e-08,FALSE
-0.711879632329286,-1.02413142827535,0.647935043941123,-2.29408411439996,0.245821257849247,4.32125014816562e-05,FALSE
-0.639026933704529,-0.816187273227425,0.52693670859234,-1.84898322206841,0.216608675613562,0.00759551402001452,FALSE
-0.566174235079772,-0.62538794940497,0.418806472959366,-1.44624863640533,0.195472737595388,0.110915249159835,FALSE
-0.493321536455015,-0.452958087609806,0.325033042480482,-1.09002285087155,0.184106675651939,0.254324442108669,FALSE
-0.420468837830257,-0.300122318643754,0.247480820998847,-0.785184727801494,0.184940090513985,0.369784550576054,FALSE
-0.3476161392055,-0.168105273308631,0.188354835204315,-0.537280750309088,0.201070203691826,0.563011383660768,FALSE
-0.274763440580743,-0.058131582406259,0.149258694588359,-0.350678623799442,0.234415458986924,0.500740119007641,FALSE
-0.201910741955985,0.0285741232615408,0.128406656147121,-0.223102922786816,0.280251169309897,0.569633009416931,FALSE
-0.129058043331228,0.0907872128929546,0.118745255803554,-0.141953488482012,0.323527914267921,0.870456138856441,FALSE
-0.0562053447064708,0.127283055686159,0.111920891213222,-0.0920818910917566,0.346648002464074,1.43449526473962,FALSE
0.0166473539182865,0.137210772277378,0.104421034899575,-0.0674544561257887,0.341876000680545,1.94909097998948,FALSE
0.0895000525430441,0.12621052076737,0.102492837345986,-0.0746754404307632,0.327096481965503,1.8539739629694,FALSE
0.162352751167801,0.10540833072106,0.114206856905125,-0.118437108812985,0.329253770255106,1.4450880714729,FALSE
0.235205449792559,0.0829264616116669,0.137236008567425,-0.186056115180487,0.351909038403821,1.30276364260732,FALSE
0.308058148417316,0.059748095488241,0.165759712478865,-0.265140940970335,0.384637131946817,0.945573494113039,FALSE
0.380910847042073,0.0358827734057691,0.196379129769473,-0.349020320942398,0.420785867753936,0.374111866554252,FALSE
0.453763545666831,0.0113400364192368,0.227422950773868,-0.434408947097545,0.457089019936019,0.184018485823489,FALSE
0.526616244291588,-0.0138705744163683,0.258059741404294,-0.519667667568784,0.491926518736048,0.213637906548403,FALSE
0.599468942916345,-0.0397395180460605,0.287856144916457,-0.603937562082316,0.524458525990195,0.153119788435221,FALSE
0.672321641541102,-0.0662572534148506,0.316577045329166,-0.686748262260015,0.554233755430314,0.129433789895844,FALSE
0.74517434016586,-0.093414239467752,0.344092549481626,-0.767835636451738,0.581007157516234,0.0425404496608062,FALSE
0.818027038790617,-0.121200935149781,0.370332154306963,-0.847051957591428,0.604650087291866,0.00496508043692276,FALSE
0.890879737415374,-0.149607799405949,0.39526079196843,-0.924318951664072,0.625103352852175,0.0389994765343208,FALSE
0.963732436040132,-0.178625291181269,0.418865618377233,-0.999601903200645,0.642351320838107,0.043622274614536,FALSE
1.03658513466489,-0.208243869420755,0.441148377135464,-1.07289468860626,0.656406949764755,0.00343528417502342,FALSE
1.10943783328965,-0.238453993069419,0.462120805683832,-1.14421077220973,0.667302786070892,2.26987716497881e-05,FALSE
1.1822905319144,-0.269246121072275,0.481801777214656,-1.213577604413,0.67508536226845,1.19853360718802e-08,FALSE
1.25514323053916,-0.300610712374335,0.500215473004374,-1.28103303946291,0.679811614714237,3.87096591555978e-13,FALSE
1.32799592916392,-0.332538225920616,0.517390188457321,-1.34662299529697,0.681546543455732,0,FALSE
1.40084862778868,-0.365019120656127,0.533357541456932,-1.41039990191171,0.68036166059946,0,FALSE
1.47370132641343,-0.398043855525884,0.548151943563703,-1.47242166491074,0.676333953858975,1.06764982559137e-17,FALSE
1.54655402503819,-0.431602889474899,0.56181024748694,-1.5327509745493,0.669545195599503,0,FALSE
1.61940672366295,-0.465686681448183,0.574371515597195,-1.59145485201869,0.66008148912232,0,FALSE
1.6922594222877,-0.500285690390755,0.585876873304459,-1.64860436206749,0.648032981285984,2.76951106819863e-18,FALSE
1.76511212091246,-0.535390375247624,0.596369422971225,-1.70427444427123,0.633493693775978,4.35951253500318e-18,FALSE
1.83796481953722,-0.570991194963803,0.605894201515382,-1.75854382993395,0.616561440006346,1.97151007488195e-17,FALSE
1.91081751816198,-0.607078608484308,0.614498169637681,-1.81149502097416,0.597337804005548,1.14704741131818e-16,FALSE
1.98367021678673,-0.643643074754151,0.622230223662557,-1.86321431313276,0.575928163624461,4.04955436987905e-18,FALSE
2.05652291541149,-0.680675052718344,0.629141222903064,-1.91379184960835,0.552441744171661,5.0657466315398e-18,FALSE
2.12937561403625,-0.718165001321901,0.635284026618763,-1.96332169349468,0.526991690850874,1.153582223934e-16,FALSE
2.20222831266101,-0.756103379509835,0.640713535262622,-2.01190190862457,0.499695149604903,1.28973038524546e-11,FALSE
2.27508101128576,-0.794480646227161,0.645486730961985,-2.05963463891265,0.470673346458331,1.30223934355231e-07,FALSE
2.34793370991052,-0.833287260418891,0.649662712153765,-2.10662617624027,0.440051655402489,0.000143842399533087,FALSE
2.42078640853528,-0.872513681030037,0.653302717072664,-2.15298700649246,0.407959644432385,0.0105365063980971,FALSE
2.49363910716004,-0.912150367005614,0.65647013043743,-2.19883182266298,0.374531088651748,0.0558055430896583,FALSE
2.56649180578479,-0.952187777290635,0.65923046725417,-2.24427949310881,0.339903938527539,0.0219578224164356,FALSE
2.63934450440955,-0.992616370830113,0.661651327221017,-2.28945297218331,0.30422023052308,0.000698835824085564,FALSE
2.71219720303431,-1.03342660656906,0.663802312846253,-2.33447913974772,0.267625926609595,0.00159134332076974,FALSE
2.78504990165906,-1.07460894345249,0.66575490416437,-2.37948855561466,0.230270668709674,0.031350388486478,FALSE
2.85790260028382,-1.11615384042542,0.667582282944616,-2.42461511499687,0.192307434146029,0.0504720674722801,FALSE
2.93075529890858,-1.15805175643286,0.669359099636551,-2.4699955917205,0.153892078854782,0.00622979491670298,FALSE
3.00360799753334,-1.20029315041982,0.671161177091889,-2.51576905751992,0.115182756680286,6.48037765413219e-05,FALSE
3.07646069615809,-1.24286848133131,0.673065146439875,-2.56207616835347,0.0763392056908399,4.80885473567571e-08,FALSE
3.14931339478285,-1.28576820811236,0.675148012451374,-2.60905831251706,0.0375218962923314,2.11432489233501e-12,FALSE
3.22216609340761,-1.32898278970797,0.677486648343593,-2.65685662046141,-0.00110895895452967,6.62315936429091e-18,FALSE
3.29501879203237,-1.37250268506316,0.680157223232191,-2.70561084259825,-0.0393945275280634,0,FALSE
3.36787149065712,-1.41631835312293,0.683234569234033,-2.75545810882164,-0.0771785974242292,1.79578886574167e-17,FALSE
3.44072418928188,-1.46042025283231,0.686791499374194,-2.80653159160573,-0.114308914058892,4.87950855607065e-18,FALSE
3.51357688790664,-1.5047988431363,0.690898091675112,-2.85895910281952,-0.150638583453085,1.12174741623262e-17,FALSE
3.58642958653139,-1.54944458297993,0.695620958742624,-2.91286166211547,-0.186027503844385,1.39786409309273e-17,FALSE
3.65928228515615,-1.59434793130819,0.701022525400908,-2.96835208109397,-0.220343781522413,0,FALSE
3.73213498378091,-1.63949934706611,0.707160339050648,-3.02553361160538,-0.253465082526844,0,FALSE
3.80498768240567,-1.6848892891987,0.714086438073058,-3.0844987078219,-0.28527987057551,0,FALSE
3.87784038103042,-1.73050821665098,0.721846802537623,-3.14532794962472,-0.315688483677235,0,FALSE
3.95069307965518,-1.77634658836794,0.730480908627001,-3.20808916927686,-0.344604007459021,1.23193075895802e-16,FALSE
4.02354577827994,-1.82239486329462,0.740021403705737,-3.27283681455786,-0.371952912031373,1.66255987495764e-16,FALSE
4.0963984769047,-1.86864350037602,0.750493913168479,-3.33961157018623,-0.397675430565798,1.86910917961261e-16,FALSE
4.16925117552945,-1.91508295855715,0.761916983610886,-3.40844024643449,-0.421725670679812,6.90796567442351e-17,FALSE
4.24210387415421,-1.96170369678303,0.774302160071195,-3.47933593052257,-0.444071463043488,1.16513756560123e-17,FALSE
4.31495657277897,-2.00849617399867,0.787654188702959,-3.55229838385647,-0.464693964140873,3.32333183868873e-17,FALSE
4.38780927140373,-2.05545084914909,0.80197133079742,-3.62731465751203,-0.483587040786146,0,FALSE
4.46066197002848,-2.1025581811793,0.817245769972781,-3.70435989032595,-0.500756472032644,0,FALSE
4.53351466865324,-2.1498086290343,0.833464091801849,-3.78339824896593,-0.516219009102678,0,FALSE
4.606367367278,-2.19719265165912,0.850607814185066,-3.86438396746185,-0.530001335856395,0,FALSE
4.67922006590275,-2.24470070799877,0.868653947253917,-3.94726244461645,-0.542138971381094,0,FALSE
4.75207276452751,-2.29232325699826,0.887575563249742,-4.03197136096776,-0.552675153028768,0,FALSE
4.82492546315227,-2.34005075760261,0.907342359337479,-4.11844178190407,-0.561659733301148,2.40249506501707e-17,FALSE
4.89777816177703,-2.38787366875682,0.927921199338919,-4.2065992194611,-0.569148118052537,4.32269305042684e-18,FALSE
4.97063086040178,-2.43578244940591,0.949276623588356,-4.29636463163909,-0.575200267172735,7.57625579935471e-18,FALSE
5.04348355902654,-2.4837675584949,0.971371319262367,-4.38765534424914,-0.579879772740659,0,FALSE
5.1163362576513,-2.53181945496879,0.994166546420548,-4.48038588595307,-0.583253023984519,7.72155581313982e-18,FALSE
5.18918895627606,-2.57992859777261,1.01762251749135,-4.57446873205566,-0.58538846348956,5.32701732358697e-16,FALSE
5.26204165490081,-2.62808544585136,1.04169872998567,-4.66981495662326,-0.58635593507945,4.10475707990123e-11,FALSE
5.33489435352557,-2.67628045815005,1.06635425380981,-4.76633479561728,-0.586226120682829,4.74784563774636e-07,FALSE
5.40774705215033,-2.72450409361371,1.09154797570561,-4.86393812599669,-0.585070061230722,0.000328276720321772,FALSE
5.48059975077509,-2.77274681118734,1.11723880411755,-4.96253486725773,-0.582958755116947,0.0156171435915842,FALSE
5.55345244939984,-2.82099906981595,1.14338583823683,-5.06203531276014,-0.579962826871764,0.058262533170564,FALSE
