"gamma","SSR","F_stat"
-0.216798879862421,922.566399259268,0.519934456901973
-0.159442329696727,922.605018197855,0.443269627994623
-0.121376671215952,922.695507053101,0.263659774418151
-0.111453031583276,922.591348905685,0.47040464630429
-0.0863855045130399,922.470818461789,0.70970537694686
-0.0541750228820594,922.486319089008,0.678926980857348
-0.0497591471950993,922.714300510892,0.226361364417592
-0.0288107690524137,922.719577548296,0.215888572640547
-0.0203235475003553,922.739670113239,0.176014028002869
-0.00891910435254156,922.763261231525,0.129198672684487
0.0100925142730601,922.802516559484,0.0513038079215367
0.0202282889321832,922.767315890226,0.121152653052909
0.0365484141943338,922.817033370889,0.02249958618749
0.0393700459780983,922.82805397207,0.000633141365832807
0.0420755054546564,922.825093974189,0.00650614810266735
0.0603797167084322,922.82829820361,0.000148557066589204
0.0769393155403296,922.828319051002,0.000107193384103641
0.0907339648695468,922.827169565626,0.0023879106359017
0.0959757377220906,922.827936878563,0.000865468841741412
0.113945340748573,922.828166112518,0.000410641405651059
0.124988895841029,922.811586505097,0.033307137764686
0.139362430616601,922.787735259448,0.0806337585370527
0.152723527193172,922.726715708452,0.201722393132185
0.183879261072948,922.794564963917,0.0670817285811001
0.204935116021653,922.786026722012,0.0840240025590736
0.214986063808863,922.744138328188,0.167146902544849
0.234088195861755,922.744599698276,0.166231323361152
0.248630816442854,922.604506908414,0.44428457816912
0.26841056616788,922.537661353714,0.576988005067327
0.283302915436467,922.285283759964,1.07818758088175
