"region_id","lb_stat","lb_p","lb_p_BH","lb_p_Holm","sig_raw_05","sig_BH_05","sig_Holm_05"
"R01",19.1121611306704,1.23256995836485e-05,8.01170472937152e-05,0.000147908395003782,TRUE,TRUE,TRUE
"R02",2.02336237809291,0.154895822466552,0.201364569206517,0.691415611973957,FALSE,FALSE,FALSE
"R03",0.718744441354531,0.396556064189749,0.429602402872228,0.895970593503064,FALSE,FALSE,FALSE
"R04",3.65894726887689,0.0557688598772264,0.103570739771992,0.390382019140584,FALSE,FALSE,FALSE
"R05",2.19696101871416,0.138283122394791,0.199742287903588,0.691415611973957,FALSE,FALSE,FALSE
"R06",3.39204175046132,0.0655117789347606,0.106456640768986,0.393070673608563,FALSE,FALSE,FALSE
"R07",1.08018191248401,0.298656864501021,0.352958112592116,0.895970593503064,FALSE,FALSE,FALSE
"R08",7.91997583890575,0.00488919253174913,0.0211865009709129,0.0537811178492404,TRUE,TRUE,FALSE
"R09",0.564378258937419,0.452501534778596,0.452501534778596,0.895970593503064,FALSE,FALSE,FALSE
"R10",20.8793208082676,4.89146876503366e-06,6.35890939454375e-05,6.35890939454375e-05,TRUE,TRUE,TRUE
"R11",5.44443568799971,0.0196307556620554,0.0510399647213441,0.176676800958499,TRUE,FALSE,FALSE
"R12",4.6083101389803,0.03181737226204,0.0689376399010866,0.25453897809632,TRUE,FALSE,FALSE
"R13",6.79301806328041,0.00915150632230333,0.0297423955474858,0.0915150632230333,TRUE,TRUE,FALSE
