"event_id","quantity","estimate","std_error","z_value","p_value","ci_low","ci_high"
"E1","Outside event window",-0.0112758655913799,0.0871553862154629,-0.129376577639207,0.897059680240409,-0.182100422573687,0.159548691390927
"E1","Inside event window",0.10191719133558,0.138915132668758,0.733665147760403,0.463152844780276,-0.170356468695186,0.374190851366346
"E1","Difference (inside - outside)",0.11319305692696,0.170671215111178,0.663222892350211,0.507187812024894,-0.221322524690948,0.447708638544868
"E2","Outside event window",-0.025478115530827,0.0955815003303344,-0.266559066794028,0.789808675497914,-0.212817856178282,0.161861625116628
"E2","Inside event window",-0.244014206048153,0.246777929489242,-0.988800767366804,0.322760628744312,-0.727698947847066,0.23967053575076
"E2","Difference (inside - outside)",-0.218536090517326,0.235377175740245,-0.928450644502999,0.353173858385549,-0.679875354968206,0.242803173933554
"E3","Outside event window",-0.00693082003422059,0.0857827777621592,-0.0807950058861108,0.935604979812178,-0.175065064448053,0.161203424379611
"E3","Inside event window",-0.550543252013032,0.419480617684164,-1.3124402625619,0.189371629482789,-1.37272526267399,0.27163875864793
"E3","Difference (inside - outside)",-0.543612431978812,0.428784860169192,-1.26779763577546,0.204870226707496,-1.38403075791043,0.296805893952805
