"estimate","std_error","z_value","p_value","ci_low","ci_high","coef","event_id"
-0.0528936708621543,0.0970183684004215,-0.545192335577605,0.585621242308986,-0.24304967292698,0.137262331202672,"delta_1","E1"
0.119931563117538,0.0846758961365717,1.4163601283192,0.156670091451018,-0.046033193310143,0.285896319545218,"delta_2","E1"
0.0461551646715769,0.0648215406008277,0.712034367646417,0.476443494481295,-0.0808950549060454,0.173205384249199,"delta_3","E1"
0.0723494425735039,0.0755357049055594,0.95781779840356,0.338154642628205,-0.0757005390413925,0.2203994241884,"delta_1","E2"
0.00911487774839814,0.0588239232194464,0.154951884361648,0.876859249762166,-0.106180011761717,0.124409767258513,"delta_2","E2"
-0.300000410839228,0.236031408318372,-1.2710190265635,0.203721879906022,-0.762621971143236,0.16262114946478,"delta_3","E2"
0.0621161949457093,0.0849562830683946,0.731154809300006,0.464684599457506,-0.104398119868344,0.228630509759763,"delta_1","E3"
-0.047672612834843,0.0756899707768873,-0.629840550148558,0.528798912080043,-0.196024955557542,0.100679729887856,"delta_2","E3"
-0.558056014089678,0.331173475458741,-1.68508668551024,0.0919718480855566,-1.20715602598881,0.0910439978094544,"delta_3","E3"
