"event_id","weight_spec","statistic","df","p_value_asymptotic"
"E1","Queen (primary)",2.50008484256777,3,0.475275750586307
"E1","KNN (k=4)",2.46339944727385,3,0.481941950452959
"E1","Distance band",2.71122762298978,3,0.438322648280611
"E2","Queen (primary)",2.42735332237784,3,0.488563122278739
"E2","KNN (k=4)",4.02977569230797,3,0.258266791661734
"E2","Distance band",3.42778012215466,3,0.330250296110801
"E3","Queen (primary)",5.41890928562392,3,0.143569993893185
"E3","KNN (k=4)",11.1568432531683,3,0.0109073044039912
"E3","Distance band",41.3231242826315,3,5.58452899109726e-09
