"date","I","expected_I","I_minus_expected","perm_p_value","asymp_p_value","alternative_used","n_permutations","weight_spec"
2013-02-01,-0.372826871520764,-0.0833333333333333,-0.289493538187431,0.9743,0.959123743135694,"greater",9999,"Queen contiguity (identical to Rook on this map)"
2013-03-01,0.235083448944124,-0.0833333333333333,0.318416782277457,0.0314,0.0224073711815289,"greater",9999,"Queen contiguity (identical to Rook on this map)"
2013-04-01,0.0277673930147685,-0.0833333333333333,0.111100726348102,0.2398,0.239452339868414,"greater",9999,"Queen contiguity (identical to Rook on this map)"
2013-05-01,0.118028872382593,-0.0833333333333333,0.201362205715926,0.1212,0.115726879423597,"greater",9999,"Queen contiguity (identical to Rook on this map)"
2013-06-01,-0.133549651389804,-0.0833333333333333,-0.0502163180564708,0.5678,0.627708261722287,"greater",9999,"Queen contiguity (identical to Rook on this map)"
2013-07-01,-0.0444114829439101,-0.0833333333333333,0.0389218503894233,0.3999,0.397664131945645,"greater",9999,"Queen contiguity (identical to Rook on this map)"
2013-08-01,-0.257480717888058,-0.0833333333333333,-0.174147384554725,0.9053,0.903954027347057,"greater",9999,"Queen contiguity (identical to Rook on this map)"
2013-09-01,-0.0218151854504023,-0.0833333333333333,0.061518147882931,0.1632,0.153922642888409,"greater",9999,"Queen contiguity (identical to Rook on this map)"
2013-10-01,-0.184784562163863,-0.0833333333333333,-0.101451228830529,0.7833,0.794158424883832,"greater",9999,"Queen contiguity (identical to Rook on this map)"
2013-11-01,-0.235792277565486,-0.0833333333333333,-0.152458944232152,0.8318,0.835459950276064,"greater",9999,"Queen contiguity (identical to Rook on this map)"
2013-12-01,-0.170713951837551,-0.0833333333333333,-0.0873806185042172,0.6888,0.715562201424093,"greater",9999,"Queen contiguity (identical to Rook on this map)"
2014-01-01,-0.0769864501175011,-0.0833333333333333,0.00634688321583222,0.4567,0.481711443573393,"greater",9999,"Queen contiguity (identical to Rook on this map)"
2014-02-01,-0.232743215814705,-0.0833333333333333,-0.149409882481372,0.8341,0.838138926494961,"greater",9999,"Queen contiguity (identical to Rook on this map)"
2014-03-01,-0.0434513477890389,-0.0833333333333333,0.0398819855442945,0.3186,0.254467485844971,"greater",9999,"Queen contiguity (identical to Rook on this map)"
2014-04-01,-0.0522406044821118,-0.0833333333333333,0.0310927288512215,0.2599,0.359523308239507,"greater",9999,"Queen contiguity (identical to Rook on this map)"
2014-05-01,-0.135499364553235,-0.0833333333333333,-0.0521660312199018,0.7853,0.799693899640925,"greater",9999,"Queen contiguity (identical to Rook on this map)"
2014-06-01,-0.0458827207700228,-0.0833333333333333,0.0374506125633106,0.2698,0.24634123192057,"greater",9999,"Queen contiguity (identical to Rook on this map)"
2014-07-01,-0.0155748826258694,-0.0833333333333333,0.0677584507074639,0.3003,0.314673415680716,"greater",9999,"Queen contiguity (identical to Rook on this map)"
2014-08-01,-0.121879469546239,-0.0833333333333333,-0.0385461362129061,0.5505,0.591373202520688,"greater",9999,"Queen contiguity (identical to Rook on this map)"
2014-09-01,-0.0228625940326121,-0.0833333333333333,0.0604707393007212,0.3451,0.354985803394152,"greater",9999,"Queen contiguity (identical to Rook on this map)"
2014-10-01,0.000963454759488802,-0.0833333333333333,0.0842967880928221,0.0497,0.0841655202241418,"greater",9999,"Queen contiguity (identical to Rook on this map)"
2014-11-01,0.0277920989269928,-0.0833333333333333,0.111125432260326,0.067,0.0588233517428862,"greater",9999,"Queen contiguity (identical to Rook on this map)"
2014-12-01,-0.0611749124770267,-0.0833333333333333,0.0221584208563067,0.5173,0.434079360357672,"greater",9999,"Queen contiguity (identical to Rook on this map)"
2015-01-01,-0.0877565815665686,-0.0833333333333333,-0.00442324823323527,0.5065,0.51432596032046,"greater",9999,"Queen contiguity (identical to Rook on this map)"
2015-02-01,-0.00558146197226206,-0.0833333333333333,0.0777518713610713,0.0561,0.0671591837746084,"greater",9999,"Queen contiguity (identical to Rook on this map)"
2015-03-01,-0.0293210798852264,-0.0833333333333333,0.0540122534481069,0.0847,0.116146541554959,"greater",9999,"Queen contiguity (identical to Rook on this map)"
2015-04-01,-0.227288092649769,-0.0833333333333333,-0.143954759316436,0.8417,0.840606769260381,"greater",9999,"Queen contiguity (identical to Rook on this map)"
2015-05-01,-0.0621862332587781,-0.0833333333333333,0.0211471000745552,0.4348,0.436932118705772,"greater",9999,"Queen contiguity (identical to Rook on this map)"
2015-06-01,-0.0814604688175612,-0.0833333333333333,0.00187286451577209,0.5185,0.485218198802754,"greater",9999,"Queen contiguity (identical to Rook on this map)"
2015-07-01,-0.0381025980707259,-0.0833333333333333,0.0452307352626075,0.3438,0.383057825689246,"greater",9999,"Queen contiguity (identical to Rook on this map)"
2015-08-01,-0.174021999837188,-0.0833333333333333,-0.0906886665038549,0.6876,0.713168142874517,"greater",9999,"Queen contiguity (identical to Rook on this map)"
2015-09-01,0.259052153406558,-0.0833333333333333,0.342385486739891,0.0175,0.0137332138030425,"greater",9999,"Queen contiguity (identical to Rook on this map)"
2015-10-01,0.0391524339192627,-0.0833333333333333,0.122485767252596,0.1917,0.177823648350403,"greater",9999,"Queen contiguity (identical to Rook on this map)"
2015-11-01,-0.0235656834734188,-0.0833333333333333,0.0597676498599145,0.327,0.338806969691167,"greater",9999,"Queen contiguity (identical to Rook on this map)"
2015-12-01,-0.205912435485363,-0.0833333333333333,-0.12257910215203,0.7653,0.778563920827718,"greater",9999,"Queen contiguity (identical to Rook on this map)"
2016-01-01,-0.134254024952418,-0.0833333333333333,-0.050920691619085,0.5971,0.622046166018451,"greater",9999,"Queen contiguity (identical to Rook on this map)"
2016-02-01,-0.115626970663483,-0.0833333333333333,-0.03229363733015,0.5537,0.580716158081257,"greater",9999,"Queen contiguity (identical to Rook on this map)"
2016-03-01,-0.0510554941908984,-0.0833333333333333,0.0322778391424349,0.3179,0.302396135925637,"greater",9999,"Queen contiguity (identical to Rook on this map)"
2016-04-01,-0.0104859182473807,-0.0833333333333333,0.0728474150859527,0.3266,0.318204196860819,"greater",9999,"Queen contiguity (identical to Rook on this map)"
2016-05-01,-0.350162713631248,-0.0833333333333333,-0.266829380297914,0.9688,0.954525769890838,"greater",9999,"Queen contiguity (identical to Rook on this map)"
2016-06-01,-0.0370885101065437,-0.0833333333333333,0.0462448232267896,0.3497,0.383138447006938,"greater",9999,"Queen contiguity (identical to Rook on this map)"
2016-07-01,-0.0852125454764812,-0.0833333333333333,-0.00187921214314787,0.5476,0.513785802149766,"greater",9999,"Queen contiguity (identical to Rook on this map)"
2016-08-01,0.141007187010105,-0.0833333333333333,0.224340520343438,0.0859,0.0749221639366826,"greater",9999,"Queen contiguity (identical to Rook on this map)"
2016-09-01,-0.197941032683282,-0.0833333333333333,-0.114607699349948,0.7506,0.759946495077021,"greater",9999,"Queen contiguity (identical to Rook on this map)"
2016-10-01,-0.0580801436893374,-0.0833333333333333,0.025253189643996,0.406,0.439503429069105,"greater",9999,"Queen contiguity (identical to Rook on this map)"
2016-11-01,-0.0974271626589855,-0.0833333333333333,-0.0140938293256521,0.513,0.538098022340267,"greater",9999,"Queen contiguity (identical to Rook on this map)"
2016-12-01,-0.216573243403389,-0.0833333333333333,-0.133239910070055,0.8616,0.870675933542643,"greater",9999,"Queen contiguity (identical to Rook on this map)"
2017-01-01,-0.0884164684561544,-0.0833333333333333,-0.0050831351228211,0.5103,0.522289826479111,"greater",9999,"Queen contiguity (identical to Rook on this map)"
2017-02-01,-0.0755452986276523,-0.0833333333333333,0.00778803470568104,0.4544,0.481520986025026,"greater",9999,"Queen contiguity (identical to Rook on this map)"
2017-03-01,-0.0174531378718449,-0.0833333333333333,0.0658801954614885,0.0765,0.0931920254556414,"greater",9999,"Queen contiguity (identical to Rook on this map)"
2017-04-01,-0.136145981504096,-0.0833333333333333,-0.0528126481707622,0.6099,0.641658653213985,"greater",9999,"Queen contiguity (identical to Rook on this map)"
2017-05-01,-0.331807924767366,-0.0833333333333333,-0.248474591434033,0.9475,0.933870940126708,"greater",9999,"Queen contiguity (identical to Rook on this map)"
2017-06-01,0.0507081272806237,-0.0833333333333333,0.134041460613957,0.2029,0.216614499083459,"greater",9999,"Queen contiguity (identical to Rook on this map)"
2017-07-01,-0.181111386792341,-0.0833333333333333,-0.097778053459008,0.702,0.735331627843276,"greater",9999,"Queen contiguity (identical to Rook on this map)"
2017-08-01,-0.271350394890815,-0.0833333333333333,-0.188017061557482,0.9246,0.902061199441099,"greater",9999,"Queen contiguity (identical to Rook on this map)"
2017-09-01,-0.262953404792519,-0.0833333333333333,-0.179620071459185,0.9801,0.971878603564743,"greater",9999,"Queen contiguity (identical to Rook on this map)"
2017-10-01,-0.114107136548904,-0.0833333333333333,-0.0307738032155705,0.5667,0.588376052257576,"greater",9999,"Queen contiguity (identical to Rook on this map)"
2017-11-01,-0.0786079177562012,-0.0833333333333333,0.00472541557713209,0.4594,0.484256149478121,"greater",9999,"Queen contiguity (identical to Rook on this map)"
2017-12-01,0.101967983153551,-0.0833333333333333,0.185301316486884,0.1009,0.0973899867322682,"greater",9999,"Queen contiguity (identical to Rook on this map)"
2018-01-01,-0.11980753427463,-0.0833333333333333,-0.0364742009412967,0.5681,0.592889549171797,"greater",9999,"Queen contiguity (identical to Rook on this map)"
2018-02-01,0.0292862374062222,-0.0833333333333333,0.112619570739556,0.2264,0.237735796132341,"greater",9999,"Queen contiguity (identical to Rook on this map)"
2018-03-01,0.0390152238402597,-0.0833333333333333,0.122348557173593,0.2189,0.231473352599198,"greater",9999,"Queen contiguity (identical to Rook on this map)"
2018-04-01,0.0119449541077289,-0.0833333333333333,0.0952782874410622,0.2688,0.280553822292053,"greater",9999,"Queen contiguity (identical to Rook on this map)"
2018-05-01,0.144054818488353,-0.0833333333333333,0.227388151821687,0.0993,0.088101279678796,"greater",9999,"Queen contiguity (identical to Rook on this map)"
2018-06-01,-0.21013825852893,-0.0833333333333333,-0.126804925195597,0.7638,0.777269835553191,"greater",9999,"Queen contiguity (identical to Rook on this map)"
2018-07-01,0.0590704549178425,-0.0833333333333333,0.142403788251176,0.1071,0.0930046557049204,"greater",9999,"Queen contiguity (identical to Rook on this map)"
2018-08-01,-0.258353901870092,-0.0833333333333333,-0.175020568536759,0.8777,0.875877225264971,"greater",9999,"Queen contiguity (identical to Rook on this map)"
2018-09-01,-0.151716482510132,-0.0833333333333333,-0.0683831491767985,0.6363,0.666191918321992,"greater",9999,"Queen contiguity (identical to Rook on this map)"
2018-10-01,0.0307829108019985,-0.0833333333333333,0.114116244135332,0.2321,0.244031751356207,"greater",9999,"Queen contiguity (identical to Rook on this map)"
2018-11-01,0.0790477431299357,-0.0833333333333333,0.162381076463269,0.1288,0.127790169692853,"greater",9999,"Queen contiguity (identical to Rook on this map)"
2018-12-01,-0.10646075738868,-0.0833333333333333,-0.023127424055347,0.5712,0.593983536226697,"greater",9999,"Queen contiguity (identical to Rook on this map)"
2019-01-01,0.215730149359299,-0.0833333333333333,0.299063482692632,0.0512,0.0380905437541431,"greater",9999,"Queen contiguity (identical to Rook on this map)"
2019-02-01,-0.168282002507155,-0.0833333333333333,-0.0849486691738217,0.6701,0.695017926624998,"greater",9999,"Queen contiguity (identical to Rook on this map)"
2019-03-01,0.0280057461712085,-0.0833333333333333,0.111339079504542,0.2083,0.213580584486336,"greater",9999,"Queen contiguity (identical to Rook on this map)"
2019-04-01,-0.27167115216449,-0.0833333333333333,-0.188337818831156,0.8744,0.872306456783111,"greater",9999,"Queen contiguity (identical to Rook on this map)"
2019-05-01,-0.24552363005507,-0.0833333333333333,-0.162190296721737,0.8564,0.852698235723878,"greater",9999,"Queen contiguity (identical to Rook on this map)"
2019-06-01,0.111161755149679,-0.0833333333333333,0.194495088483012,0.1293,0.12392755801498,"greater",9999,"Queen contiguity (identical to Rook on this map)"
2019-07-01,0.0787566663744955,-0.0833333333333333,0.162089999707829,0.1642,0.15691577358163,"greater",9999,"Queen contiguity (identical to Rook on this map)"
2019-08-01,-0.130688180100508,-0.0833333333333333,-0.0473548467671751,0.5781,0.61572261030841,"greater",9999,"Queen contiguity (identical to Rook on this map)"
2019-09-01,-0.0536284484455016,-0.0833333333333333,0.0297048848878317,0.4015,0.42341930769587,"greater",9999,"Queen contiguity (identical to Rook on this map)"
2019-10-01,0.0591667526265917,-0.0833333333333333,0.142500085959925,0.1838,0.177120545330907,"greater",9999,"Queen contiguity (identical to Rook on this map)"
2019-11-01,0.136980688274858,-0.0833333333333333,0.220314021608191,0.0924,0.0824480459823614,"greater",9999,"Queen contiguity (identical to Rook on this map)"
2019-12-01,0.12998357186149,-0.0833333333333333,0.213316905194823,0.1049,0.0978008805560546,"greater",9999,"Queen contiguity (identical to Rook on this map)"
2020-01-01,-0.0580238124813823,-0.0833333333333333,0.0253095208519511,0.4011,0.393934788323094,"greater",9999,"Queen contiguity (identical to Rook on this map)"
2020-02-01,-0.0905769234677574,-0.0833333333333333,-0.00724359013442409,0.5085,0.537502623055364,"greater",9999,"Queen contiguity (identical to Rook on this map)"
2020-03-01,0.0696015139819139,-0.0833333333333333,0.152934847315247,0.1377,0.131224427127232,"greater",9999,"Queen contiguity (identical to Rook on this map)"
2020-04-01,0.068873492760028,-0.0833333333333333,0.152206826093361,0.1717,0.168699993360164,"greater",9999,"Queen contiguity (identical to Rook on this map)"
2020-05-01,-0.0253926175997211,-0.0833333333333333,0.0579407157336122,0.3411,0.366170688030281,"greater",9999,"Queen contiguity (identical to Rook on this map)"
2020-06-01,0.021024341460919,-0.0833333333333333,0.104357674794252,0.2371,0.239189851855813,"greater",9999,"Queen contiguity (identical to Rook on this map)"
2020-07-01,0.0990062726200008,-0.0833333333333333,0.182339605953334,0.1301,0.119992277807689,"greater",9999,"Queen contiguity (identical to Rook on this map)"
2020-08-01,-0.00460486654376653,-0.0833333333333333,0.0787284667895668,0.2724,0.304081005843716,"greater",9999,"Queen contiguity (identical to Rook on this map)"
2020-09-01,-0.282311281931844,-0.0833333333333333,-0.198977948598511,0.8952,0.886310645938002,"greater",9999,"Queen contiguity (identical to Rook on this map)"
2020-10-01,-0.0676943441682605,-0.0833333333333333,0.0156389891650729,0.4404,0.455672022576618,"greater",9999,"Queen contiguity (identical to Rook on this map)"
2020-11-01,-0.243790458638811,-0.0833333333333333,-0.160457125305478,0.8674,0.867883047942398,"greater",9999,"Queen contiguity (identical to Rook on this map)"
2020-12-01,-0.22282440445145,-0.0833333333333333,-0.139491071118116,0.8043,0.815039544156534,"greater",9999,"Queen contiguity (identical to Rook on this map)"
2021-01-01,-0.0308877683589267,-0.0833333333333333,0.0524455649744066,0.2825,0.307139544782171,"greater",9999,"Queen contiguity (identical to Rook on this map)"
2021-02-01,-0.164298872825173,-0.0833333333333333,-0.0809655394918397,0.791,0.802561060140649,"greater",9999,"Queen contiguity (identical to Rook on this map)"
2021-03-01,-0.090071444335651,-0.0833333333333333,-0.00673811100231766,0.5233,0.529103595309596,"greater",9999,"Queen contiguity (identical to Rook on this map)"
2021-04-01,-0.0687016891398956,-0.0833333333333333,0.0146316441934378,0.4494,0.462972981815092,"greater",9999,"Queen contiguity (identical to Rook on this map)"
2021-05-01,0.16339985962952,-0.0833333333333333,0.246733192962853,0.0654,0.0541162454475646,"greater",9999,"Queen contiguity (identical to Rook on this map)"
2021-06-01,-0.13436713707903,-0.0833333333333333,-0.0510338037456967,0.5933,0.618967718687164,"greater",9999,"Queen contiguity (identical to Rook on this map)"
2021-07-01,-0.0897725173763886,-0.0833333333333333,-0.00643918404305525,0.4869,0.515341116976695,"greater",9999,"Queen contiguity (identical to Rook on this map)"
2021-08-01,0.0640000112081974,-0.0833333333333333,0.147333344541531,0.169,0.162977889998844,"greater",9999,"Queen contiguity (identical to Rook on this map)"
2021-09-01,0.0960475037464958,-0.0833333333333333,0.179380837079829,0.1413,0.13438892683213,"greater",9999,"Queen contiguity (identical to Rook on this map)"
2021-10-01,-0.130334288815757,-0.0833333333333333,-0.0470009554824237,0.5872,0.611391797516256,"greater",9999,"Queen contiguity (identical to Rook on this map)"
2021-11-01,-0.0905756429301488,-0.0833333333333333,-0.00724230959681543,0.4603,0.518657765324526,"greater",9999,"Queen contiguity (identical to Rook on this map)"
2021-12-01,-0.134999842999131,-0.0833333333333333,-0.0516665096657978,0.598,0.624933527056444,"greater",9999,"Queen contiguity (identical to Rook on this map)"
2022-01-01,0.101644502222073,-0.0833333333333333,0.184977835555406,0.121,0.114816885297861,"greater",9999,"Queen contiguity (identical to Rook on this map)"
2022-02-01,-0.23069673752097,-0.0833333333333333,-0.147363404187636,0.8103,0.809355580482751,"greater",9999,"Queen contiguity (identical to Rook on this map)"
2022-03-01,0.0031829347753657,-0.0833333333333333,0.086516268108699,0.2849,0.306622042722128,"greater",9999,"Queen contiguity (identical to Rook on this map)"
2022-04-01,0.130488087560844,-0.0833333333333333,0.213821420894177,0.0923,0.0763776367719786,"greater",9999,"Queen contiguity (identical to Rook on this map)"
2022-05-01,-0.0556945467174971,-0.0833333333333333,0.0276387866158363,0.4028,0.431846371024189,"greater",9999,"Queen contiguity (identical to Rook on this map)"
2022-06-01,0.0493112512172638,-0.0833333333333333,0.132644584550597,0.1733,0.170538925888723,"greater",9999,"Queen contiguity (identical to Rook on this map)"
2022-07-01,0.20850222570952,-0.0833333333333333,0.291835559042853,0.0415,0.0322550455652151,"greater",9999,"Queen contiguity (identical to Rook on this map)"
2022-08-01,-0.240839887739174,-0.0833333333333333,-0.157506554405841,0.8269,0.824026036998966,"greater",9999,"Queen contiguity (identical to Rook on this map)"
2022-09-01,-0.0308756142764023,-0.0833333333333333,0.052457719056931,0.3592,0.375145061687914,"greater",9999,"Queen contiguity (identical to Rook on this map)"
2022-10-01,-0.101426656925907,-0.0833333333333333,-0.0180933235925737,0.5349,0.547465260066258,"greater",9999,"Queen contiguity (identical to Rook on this map)"
2022-11-01,-0.211644927304366,-0.0833333333333333,-0.128311593971032,0.7824,0.802025802612664,"greater",9999,"Queen contiguity (identical to Rook on this map)"
2022-12-01,-0.186798349321201,-0.0833333333333333,-0.103465015987867,0.719,0.729077651775443,"greater",9999,"Queen contiguity (identical to Rook on this map)"
2023-01-01,-0.0574125218658739,-0.0833333333333333,0.0259208114674594,0.4035,0.41798809313454,"greater",9999,"Queen contiguity (identical to Rook on this map)"
2023-02-01,-0.110953802695828,-0.0833333333333333,-0.0276204693624943,0.5386,0.567510111635713,"greater",9999,"Queen contiguity (identical to Rook on this map)"
2023-03-01,-0.124686310177357,-0.0833333333333333,-0.0413529768440234,0.5719,0.600616577121651,"greater",9999,"Queen contiguity (identical to Rook on this map)"
2023-04-01,0.41783688369135,-0.0833333333333333,0.501170217024684,0.0035,0.00126420669530248,"greater",9999,"Queen contiguity (identical to Rook on this map)"
2023-05-01,-0.0191698821873737,-0.0833333333333333,0.0641634511459596,0.3282,0.347367181842278,"greater",9999,"Queen contiguity (identical to Rook on this map)"
2023-06-01,-0.24982485675214,-0.0833333333333333,-0.166491523418807,0.8422,0.841473796578066,"greater",9999,"Queen contiguity (identical to Rook on this map)"
2023-07-01,-0.0670863842504358,-0.0833333333333333,0.0162469490828976,0.4368,0.462056161824709,"greater",9999,"Queen contiguity (identical to Rook on this map)"
2023-08-01,-0.294793469169405,-0.0833333333333333,-0.211460135836072,0.9298,0.90984236616001,"greater",9999,"Queen contiguity (identical to Rook on this map)"
2023-09-01,0.119056476195856,-0.0833333333333333,0.20238980952919,0.1068,0.099027732431271,"greater",9999,"Queen contiguity (identical to Rook on this map)"
2023-10-01,-0.142540917424269,-0.0833333333333333,-0.0592075840909354,0.6154,0.640627329363705,"greater",9999,"Queen contiguity (identical to Rook on this map)"
2023-11-01,-0.0738382830011971,-0.0833333333333333,0.0094950503321362,0.4415,0.476748622267036,"greater",9999,"Queen contiguity (identical to Rook on this map)"
2023-12-01,0.0944803006225323,-0.0833333333333333,0.177813633955866,0.0313,0.0315938913771122,"greater",9999,"Queen contiguity (identical to Rook on this map)"
2024-01-01,-0.0284150649659015,-0.0833333333333333,0.0549182683674319,0.3489,0.368181895601768,"greater",9999,"Queen contiguity (identical to Rook on this map)"
2024-02-01,0.201977975379097,-0.0833333333333333,0.28531130871243,0.0495,0.0362737086133313,"greater",9999,"Queen contiguity (identical to Rook on this map)"
2024-03-01,0.0882344905499857,-0.0833333333333333,0.171567823883319,0.1546,0.146186596178536,"greater",9999,"Queen contiguity (identical to Rook on this map)"
2024-04-01,0.214855738163035,-0.0833333333333333,0.298189071496368,0.0484,0.0346087200732097,"greater",9999,"Queen contiguity (identical to Rook on this map)"
2024-05-01,-0.00926278358351468,-0.0833333333333333,0.0740705497498187,0.3172,0.329654969361361,"greater",9999,"Queen contiguity (identical to Rook on this map)"
2024-06-01,-0.121950795908145,-0.0833333333333333,-0.0386174625748116,0.5719,0.594135352410628,"greater",9999,"Queen contiguity (identical to Rook on this map)"
2024-07-01,-0.0599879145909728,-0.0833333333333333,0.0233454187423605,0.421,0.44435723435321,"greater",9999,"Queen contiguity (identical to Rook on this map)"
2024-08-01,-0.206855726015561,-0.0833333333333333,-0.123522392682228,0.7621,0.769025736583531,"greater",9999,"Queen contiguity (identical to Rook on this map)"
2024-09-01,-0.047314409246146,-0.0833333333333333,0.0360189240871874,0.3934,0.40987544087643,"greater",9999,"Queen contiguity (identical to Rook on this map)"
2024-10-01,-0.220560190081319,-0.0833333333333333,-0.137226856747985,0.7869,0.794028404010095,"greater",9999,"Queen contiguity (identical to Rook on this map)"
2024-11-01,0.148393667406215,-0.0833333333333333,0.231727000739548,0.0462,0.0442918760104549,"greater",9999,"Queen contiguity (identical to Rook on this map)"
2024-12-01,0.0665299978089519,-0.0833333333333333,0.149863331142285,0.1823,0.188134414098138,"greater",9999,"Queen contiguity (identical to Rook on this map)"
2025-01-01,0.0282047318527832,-0.0833333333333333,0.111538065186117,0.2302,0.243684882901143,"greater",9999,"Queen contiguity (identical to Rook on this map)"
2025-02-01,-0.12372678635392,-0.0833333333333333,-0.0403934530205871,0.5732,0.605693488148206,"greater",9999,"Queen contiguity (identical to Rook on this map)"
2025-03-01,-0.184477692043511,-0.0833333333333333,-0.101144358710178,0.7357,0.753695426395772,"greater",9999,"Queen contiguity (identical to Rook on this map)"
2025-04-01,-0.392217077889177,-0.0833333333333333,-0.308883744555844,0.9798,0.966333201820692,"greater",9999,"Queen contiguity (identical to Rook on this map)"
2025-05-01,-0.280551211043738,-0.0833333333333333,-0.197217877710405,0.8871,0.881428915276119,"greater",9999,"Queen contiguity (identical to Rook on this map)"
2025-06-01,-0.149277895464039,-0.0833333333333333,-0.0659445621307053,0.633,0.653927155948477,"greater",9999,"Queen contiguity (identical to Rook on this map)"
2025-07-01,0.0122180078174365,-0.0833333333333333,0.0955513411507699,0.2604,0.280060304537179,"greater",9999,"Queen contiguity (identical to Rook on this map)"
2025-08-01,0.226688753991797,-0.0833333333333333,0.310022087325131,0.0087,0.0103073227056352,"greater",9999,"Queen contiguity (identical to Rook on this map)"
2025-09-01,-0.206671955877665,-0.0833333333333333,-0.123338622544332,0.7656,0.775961762902047,"greater",9999,"Queen contiguity (identical to Rook on this map)"
2025-10-01,0.222592009937751,-0.0833333333333333,0.305925343271085,0.0298,0.0245308752444383,"greater",9999,"Queen contiguity (identical to Rook on this map)"
2025-11-01,0.14049161728753,-0.0833333333333333,0.223824950620864,0.0997,0.0903668890204137,"greater",9999,"Queen contiguity (identical to Rook on this map)"
2025-12-01,-0.209169099423682,-0.0833333333333333,-0.125835766090348,0.7659,0.77477560021519,"greater",9999,"Queen contiguity (identical to Rook on this map)"
2026-01-01,0.0870899259274251,-0.0833333333333333,0.170423259260758,0.1569,0.149890220679294,"greater",9999,"Queen contiguity (identical to Rook on this map)"
2026-02-01,0.0537933001332995,-0.0833333333333333,0.137126633466633,0.1995,0.193591891447359,"greater",9999,"Queen contiguity (identical to Rook on this map)"
