"date","I","expected_I","I_minus_expected","perm_p_value","asymp_p_value","alternative_used","n_permutations","weight_spec","p_BH","p_Holm","sig_raw_05","sig_BH_05","sig_Holm_05"
2013-02-01,-0.262156309329915,-0.0833333333333333,-0.178822975996582,0.8693,0.865224550960827,"greater",9999,"Queen contiguity (identical to Rook on this map)",0.934795205479452,1,FALSE,FALSE,FALSE
2013-03-01,0.428023613627348,-0.0833333333333333,0.511356946960681,0.0028,0.000932730240626562,"greater",9999,"Queen contiguity (identical to Rook on this map)",0.4396,0.4396,TRUE,FALSE,FALSE
2013-04-01,-0.0616521520592003,-0.0833333333333333,0.021681181274133,0.4349,0.442767160239896,"greater",9999,"Queen contiguity (identical to Rook on this map)",0.822642168674699,1,FALSE,FALSE,FALSE
2013-05-01,0.0887550520995147,-0.0833333333333333,0.172088385432848,0.1563,0.153257420357607,"greater",9999,"Queen contiguity (identical to Rook on this map)",0.645765789473684,1,FALSE,FALSE,FALSE
2013-06-01,-0.0925881389943251,-0.0833333333333333,-0.00925480566099174,0.4664,0.523660292779762,"greater",9999,"Queen contiguity (identical to Rook on this map)",0.851451162790698,1,FALSE,FALSE,FALSE
2013-07-01,-0.0075307808137541,-0.0833333333333333,0.0758025525195792,0.307,0.306345944867754,"greater",9999,"Queen contiguity (identical to Rook on this map)",0.795888709677419,1,FALSE,FALSE,FALSE
2013-08-01,-0.229165152599751,-0.0833333333333333,-0.145831819266418,0.862,0.86827984735684,"greater",9999,"Queen contiguity (identical to Rook on this map)",0.934795205479452,1,FALSE,FALSE,FALSE
2013-09-01,-0.0284878424369116,-0.0833333333333333,0.0548454908964218,0.1822,0.169649962275546,"greater",9999,"Queen contiguity (identical to Rook on this map)",0.681080952380952,1,FALSE,FALSE,FALSE
2013-10-01,-0.212704511748738,-0.0833333333333333,-0.129371178415404,0.8256,0.834299023235176,"greater",9999,"Queen contiguity (identical to Rook on this map)",0.925851428571429,1,FALSE,FALSE,FALSE
2013-11-01,-0.20470143992514,-0.0833333333333333,-0.121368106591806,0.777,0.79000910907504,"greater",9999,"Queen contiguity (identical to Rook on this map)",0.925851428571429,1,FALSE,FALSE,FALSE
2013-12-01,-0.219621327256119,-0.0833333333333333,-0.136287993922786,0.7911,0.803684933957417,"greater",9999,"Queen contiguity (identical to Rook on this map)",0.925851428571429,1,FALSE,FALSE,FALSE
2014-01-01,-0.0620684039164234,-0.0833333333333333,0.0212649294169099,0.4089,0.438731313944146,"greater",9999,"Queen contiguity (identical to Rook on this map)",0.811613414634146,1,FALSE,FALSE,FALSE
2014-02-01,-0.209965725988943,-0.0833333333333333,-0.12663239265561,0.8089,0.820192715020415,"greater",9999,"Queen contiguity (identical to Rook on this map)",0.925851428571429,1,FALSE,FALSE,FALSE
2014-03-01,-0.0362851412805055,-0.0833333333333333,0.0470481920528278,0.2746,0.223592218141347,"greater",9999,"Queen contiguity (identical to Rook on this map)",0.760637931034483,1,FALSE,FALSE,FALSE
2014-04-01,-0.0539125251272986,-0.0833333333333333,0.0294208082060347,0.2761,0.372702933318228,"greater",9999,"Queen contiguity (identical to Rook on this map)",0.760637931034483,1,FALSE,FALSE,FALSE
2014-05-01,-0.126469427868319,-0.0833333333333333,-0.0431360945349859,0.752,0.761218215545323,"greater",9999,"Queen contiguity (identical to Rook on this map)",0.922375,1,FALSE,FALSE,FALSE
2014-06-01,-0.05172270026847,-0.0833333333333333,0.0316106330648633,0.3103,0.287433159679363,"greater",9999,"Queen contiguity (identical to Rook on this map)",0.795888709677419,1,FALSE,FALSE,FALSE
2014-07-01,-0.0503111889626436,-0.0833333333333333,0.0330221443706897,0.3916,0.408138468663385,"greater",9999,"Queen contiguity (identical to Rook on this map)",0.808963157894737,1,FALSE,FALSE,FALSE
2014-08-01,-0.0998205259956807,-0.0833333333333333,-0.0164871926623474,0.4999,0.539639722416609,"greater",9999,"Queen contiguity (identical to Rook on this map)",0.857185869565217,1,FALSE,FALSE,FALSE
2014-09-01,-0.0347289976308044,-0.0833333333333333,0.048604335702529,0.3668,0.378063817442275,"greater",9999,"Queen contiguity (identical to Rook on this map)",0.808963157894737,1,FALSE,FALSE,FALSE
2014-10-01,0.00527369370954304,-0.0833333333333333,0.0886070270428764,0.02,0.0687500064400213,"greater",9999,"Queen contiguity (identical to Rook on this map)",0.5043625,1,TRUE,FALSE,FALSE
2014-11-01,0.0229202151198922,-0.0833333333333333,0.106253548453226,0.081,0.0696179399750794,"greater",9999,"Queen contiguity (identical to Rook on this map)",0.645765789473684,1,FALSE,FALSE,FALSE
2014-12-01,-0.0998230503175051,-0.0833333333333333,-0.0164897169841717,0.5967,0.548390227232268,"greater",9999,"Queen contiguity (identical to Rook on this map)",0.88276218487395,1,FALSE,FALSE,FALSE
2015-01-01,-0.0539851841495915,-0.0833333333333333,0.0293481491837418,0.4082,0.409235252722874,"greater",9999,"Queen contiguity (identical to Rook on this map)",0.811613414634146,1,FALSE,FALSE,FALSE
2015-02-01,-0.0006523939508751,-0.0833333333333333,0.0826809393824582,0.0187,0.0473410247682567,"greater",9999,"Queen contiguity (identical to Rook on this map)",0.5043625,1,TRUE,FALSE,FALSE
2015-03-01,-0.034876442232572,-0.0833333333333333,0.0484568911007613,0.1363,0.143946719495874,"greater",9999,"Queen contiguity (identical to Rook on this map)",0.645765789473684,1,FALSE,FALSE,FALSE
2015-04-01,-0.200227448838512,-0.0833333333333333,-0.116894115505179,0.7993,0.80590111749703,"greater",9999,"Queen contiguity (identical to Rook on this map)",0.925851428571429,1,FALSE,FALSE,FALSE
2015-05-01,-0.105206712433411,-0.0833333333333333,-0.0218733791000777,0.5434,0.562966114561793,"greater",9999,"Queen contiguity (identical to Rook on this map)",0.88276218487395,1,FALSE,FALSE,FALSE
2015-06-01,-0.0967026104786128,-0.0833333333333333,-0.0133692771452795,0.6213,0.601677157695953,"greater",9999,"Queen contiguity (identical to Rook on this map)",0.88276218487395,1,FALSE,FALSE,FALSE
2015-07-01,-0.128583984645584,-0.0833333333333333,-0.0452506513122504,0.5855,0.61886368890553,"greater",9999,"Queen contiguity (identical to Rook on this map)",0.88276218487395,1,FALSE,FALSE,FALSE
2015-08-01,-0.137876490772444,-0.0833333333333333,-0.054543157439111,0.5902,0.631610409258278,"greater",9999,"Queen contiguity (identical to Rook on this map)",0.88276218487395,1,FALSE,FALSE,FALSE
2015-09-01,0.317910366315186,-0.0833333333333333,0.40124369964852,0.0102,0.00544105349681547,"greater",9999,"Queen contiguity (identical to Rook on this map)",0.5043625,1,TRUE,FALSE,FALSE
2015-10-01,-0.0117888004475677,-0.0833333333333333,0.0715445328857656,0.3301,0.283475259808911,"greater",9999,"Queen contiguity (identical to Rook on this map)",0.803701470588235,1,FALSE,FALSE,FALSE
2015-11-01,-0.08859046483926,-0.0833333333333333,-0.00525713150592667,0.4918,0.51455952991289,"greater",9999,"Queen contiguity (identical to Rook on this map)",0.857185869565217,1,FALSE,FALSE,FALSE
2015-12-01,-0.155266259826907,-0.0833333333333333,-0.0719329264935737,0.6443,0.670740284062325,"greater",9999,"Queen contiguity (identical to Rook on this map)",0.88276218487395,1,FALSE,FALSE,FALSE
2016-01-01,-0.147093751524652,-0.0833333333333333,-0.0637604181913186,0.6244,0.649162450524484,"greater",9999,"Queen contiguity (identical to Rook on this map)",0.88276218487395,1,FALSE,FALSE,FALSE
2016-02-01,-0.149508434453481,-0.0833333333333333,-0.0661751011201476,0.6347,0.665546422627692,"greater",9999,"Queen contiguity (identical to Rook on this map)",0.88276218487395,1,FALSE,FALSE,FALSE
2016-03-01,-0.0332693164967486,-0.0833333333333333,0.0500640168365847,0.2188,0.212287561291825,"greater",9999,"Queen contiguity (identical to Rook on this map)",0.741240425531915,1,FALSE,FALSE,FALSE
2016-04-01,-0.0523260742159036,-0.0833333333333333,0.0310072591174297,0.4146,0.421738850679229,"greater",9999,"Queen contiguity (identical to Rook on this map)",0.811613414634146,1,FALSE,FALSE,FALSE
2016-05-01,-0.35734756972047,-0.0833333333333333,-0.274014236387137,0.9741,0.960320135773847,"greater",9999,"Queen contiguity (identical to Rook on this map)",0.988294871794872,1,FALSE,FALSE,FALSE
2016-06-01,-0.0672646548302466,-0.0833333333333333,0.0160686785030867,0.4227,0.459883115033504,"greater",9999,"Queen contiguity (identical to Rook on this map)",0.811613414634146,1,FALSE,FALSE,FALSE
2016-07-01,-0.104935472913415,-0.0833333333333333,-0.0216021395800819,0.6614,0.647715077588748,"greater",9999,"Queen contiguity (identical to Rook on this map)",0.88276218487395,1,FALSE,FALSE,FALSE
2016-08-01,0.238139446136015,-0.0833333333333333,0.321472779469348,0.0319,0.0227618568002865,"greater",9999,"Queen contiguity (identical to Rook on this map)",0.5495,1,TRUE,FALSE,FALSE
2016-09-01,-0.208653797815925,-0.0833333333333333,-0.125320464482592,0.7891,0.795308545134988,"greater",9999,"Queen contiguity (identical to Rook on this map)",0.925851428571429,1,FALSE,FALSE,FALSE
2016-10-01,-0.237478190083657,-0.0833333333333333,-0.154144856750324,0.8182,0.821227957548039,"greater",9999,"Queen contiguity (identical to Rook on this map)",0.925851428571429,1,FALSE,FALSE,FALSE
2016-11-01,-0.0839058996936913,-0.0833333333333333,-0.000572566360358004,0.4906,0.501579367521397,"greater",9999,"Queen contiguity (identical to Rook on this map)",0.857185869565217,1,FALSE,FALSE,FALSE
2016-12-01,-0.212784883843289,-0.0833333333333333,-0.129451550509956,0.8635,0.873430165052673,"greater",9999,"Queen contiguity (identical to Rook on this map)",0.934795205479452,1,FALSE,FALSE,FALSE
2017-01-01,-0.0491731225943821,-0.0833333333333333,0.0341602107389512,0.3481,0.350739366459716,"greater",9999,"Queen contiguity (identical to Rook on this map)",0.803701470588235,1,FALSE,FALSE,FALSE
2017-02-01,-0.157818224637675,-0.0833333333333333,-0.0744848913043421,0.6449,0.667549106302006,"greater",9999,"Queen contiguity (identical to Rook on this map)",0.88276218487395,1,FALSE,FALSE,FALSE
2017-03-01,-0.0141256911432192,-0.0833333333333333,0.0692076421901141,0.0524,0.0755119832868081,"greater",9999,"Queen contiguity (identical to Rook on this map)",0.5809,1,FALSE,FALSE,FALSE
2017-04-01,-0.226427615621828,-0.0833333333333333,-0.143094282288494,0.8222,0.83484582508785,"greater",9999,"Queen contiguity (identical to Rook on this map)",0.925851428571429,1,FALSE,FALSE,FALSE
2017-05-01,-0.396601837208885,-0.0833333333333333,-0.313268503875551,0.982,0.967935361412295,"greater",9999,"Queen contiguity (identical to Rook on this map)",0.988294871794872,1,FALSE,FALSE,FALSE
2017-06-01,-0.0652467121491401,-0.0833333333333333,0.0180866211841932,0.4239,0.457242560113704,"greater",9999,"Queen contiguity (identical to Rook on this map)",0.811613414634146,1,FALSE,FALSE,FALSE
2017-07-01,-0.246174959293969,-0.0833333333333333,-0.162841625960635,0.8868,0.864636699489794,"greater",9999,"Queen contiguity (identical to Rook on this map)",0.942318243243243,1,FALSE,FALSE,FALSE
2017-08-01,-0.170884331695225,-0.0833333333333333,-0.0875509983618917,0.7071,0.724281635443723,"greater",9999,"Queen contiguity (identical to Rook on this map)",0.902558536585366,1,FALSE,FALSE,FALSE
2017-09-01,-0.286661493295893,-0.0833333333333333,-0.20332815996256,0.9912,0.983505719512972,"greater",9999,"Queen contiguity (identical to Rook on this map)",0.9912,1,FALSE,FALSE,FALSE
2017-10-01,-0.149338567514148,-0.0833333333333333,-0.0660052341808147,0.6626,0.685680892287443,"greater",9999,"Queen contiguity (identical to Rook on this map)",0.88276218487395,1,FALSE,FALSE,FALSE
2017-11-01,-0.0979550008035825,-0.0833333333333333,-0.0146216674702492,0.5209,0.547845827832857,"greater",9999,"Queen contiguity (identical to Rook on this map)",0.879368817204301,1,FALSE,FALSE,FALSE
2017-12-01,0.126140571547206,-0.0833333333333333,0.209473904880539,0.0759,0.0738893389027607,"greater",9999,"Queen contiguity (identical to Rook on this map)",0.645765789473684,1,FALSE,FALSE,FALSE
2018-01-01,-0.124519839037987,-0.0833333333333333,-0.0411865057046533,0.5807,0.604476316473689,"greater",9999,"Queen contiguity (identical to Rook on this map)",0.88276218487395,1,FALSE,FALSE,FALSE
2018-02-01,-0.0437317109368835,-0.0833333333333333,0.0396016223964498,0.3622,0.401094347742442,"greater",9999,"Queen contiguity (identical to Rook on this map)",0.808963157894737,1,FALSE,FALSE,FALSE
2018-03-01,0.00244660792213339,-0.0833333333333333,0.0857799412554667,0.278,0.30155814192135,"greater",9999,"Queen contiguity (identical to Rook on this map)",0.760637931034483,1,FALSE,FALSE,FALSE
2018-04-01,-0.04335287334758,-0.0833333333333333,0.0399804599857534,0.3806,0.403026480179311,"greater",9999,"Queen contiguity (identical to Rook on this map)",0.808963157894737,1,FALSE,FALSE,FALSE
2018-05-01,0.102484278602696,-0.0833333333333333,0.18581761193603,0.1447,0.133807618891141,"greater",9999,"Queen contiguity (identical to Rook on this map)",0.645765789473684,1,FALSE,FALSE,FALSE
2018-06-01,-0.259148400074509,-0.0833333333333333,-0.175815066741176,0.8576,0.855918242839999,"greater",9999,"Queen contiguity (identical to Rook on this map)",0.934795205479452,1,FALSE,FALSE,FALSE
2018-07-01,0.0656859280909624,-0.0833333333333333,0.149019261424296,0.0927,0.0790174699807809,"greater",9999,"Queen contiguity (identical to Rook on this map)",0.645765789473684,1,FALSE,FALSE,FALSE
2018-08-01,-0.313244340460779,-0.0833333333333333,-0.229911007127446,0.9447,0.933730482571103,"greater",9999,"Queen contiguity (identical to Rook on this map)",0.982237748344371,1,FALSE,FALSE,FALSE
2018-09-01,-0.202480662407436,-0.0833333333333333,-0.119147329074102,0.7677,0.782728460638176,"greater",9999,"Queen contiguity (identical to Rook on this map)",0.925851428571429,1,FALSE,FALSE,FALSE
2018-10-01,0.108955908433583,-0.0833333333333333,0.192289241766916,0.1296,0.120417818804117,"greater",9999,"Queen contiguity (identical to Rook on this map)",0.645765789473684,1,FALSE,FALSE,FALSE
2018-11-01,0.0552299866017902,-0.0833333333333333,0.138563319935124,0.1748,0.170433870615294,"greater",9999,"Queen contiguity (identical to Rook on this map)",0.669356097560976,1,FALSE,FALSE,FALSE
2018-12-01,-0.107281405148889,-0.0833333333333333,-0.0239480718155557,0.5684,0.592812133475905,"greater",9999,"Queen contiguity (identical to Rook on this map)",0.88276218487395,1,FALSE,FALSE,FALSE
2019-01-01,0.206630851279402,-0.0833333333333333,0.289964184612735,0.0555,0.0431747515719158,"greater",9999,"Queen contiguity (identical to Rook on this map)",0.5809,1,FALSE,FALSE,FALSE
2019-02-01,-0.162679806024037,-0.0833333333333333,-0.0793464726907036,0.6528,0.676067337332902,"greater",9999,"Queen contiguity (identical to Rook on this map)",0.88276218487395,1,FALSE,FALSE,FALSE
2019-03-01,0.096987579539294,-0.0833333333333333,0.180320912872627,0.116,0.105664608891062,"greater",9999,"Queen contiguity (identical to Rook on this map)",0.645765789473684,1,FALSE,FALSE,FALSE
2019-04-01,-0.295430755924136,-0.0833333333333333,-0.212097422590802,0.9055,0.901690083644491,"greater",9999,"Queen contiguity (identical to Rook on this map)",0.954117449664429,1,FALSE,FALSE,FALSE
2019-05-01,-0.190938596717777,-0.0833333333333333,-0.107605263384444,0.7446,0.760146451338122,"greater",9999,"Queen contiguity (identical to Rook on this map)",0.920489763779528,1,FALSE,FALSE,FALSE
2019-06-01,0.0544606380865006,-0.0833333333333333,0.137793971419834,0.1982,0.206970042034319,"greater",9999,"Queen contiguity (identical to Rook on this map)",0.723660465116279,1,FALSE,FALSE,FALSE
2019-07-01,0.0240265562244001,-0.0833333333333333,0.107359889557733,0.2501,0.253795629155567,"greater",9999,"Queen contiguity (identical to Rook on this map)",0.742047169811321,1,FALSE,FALSE,FALSE
2019-08-01,-0.134980611377259,-0.0833333333333333,-0.0516472780439261,0.5931,0.626945977540697,"greater",9999,"Queen contiguity (identical to Rook on this map)",0.88276218487395,1,FALSE,FALSE,FALSE
2019-09-01,-0.0444863865676518,-0.0833333333333333,0.0388469467656815,0.3841,0.402493220142113,"greater",9999,"Queen contiguity (identical to Rook on this map)",0.808963157894737,1,FALSE,FALSE,FALSE
2019-10-01,0.100061617347727,-0.0833333333333333,0.18339495068106,0.1315,0.117445730734646,"greater",9999,"Queen contiguity (identical to Rook on this map)",0.645765789473684,1,FALSE,FALSE,FALSE
2019-11-01,0.0923578533985196,-0.0833333333333333,0.175691186731853,0.1351,0.136095090756755,"greater",9999,"Queen contiguity (identical to Rook on this map)",0.645765789473684,1,FALSE,FALSE,FALSE
2019-12-01,0.0765484104196406,-0.0833333333333333,0.159881743752974,0.1607,0.16614134183567,"greater",9999,"Queen contiguity (identical to Rook on this map)",0.646920512820513,1,FALSE,FALSE,FALSE
2020-01-01,-0.0410262839818742,-0.0833333333333333,0.0423070493514592,0.3436,0.328258206622129,"greater",9999,"Queen contiguity (identical to Rook on this map)",0.803701470588235,1,FALSE,FALSE,FALSE
2020-02-01,-0.099973274755144,-0.0833333333333333,-0.0166399414218107,0.5584,0.584202080287693,"greater",9999,"Queen contiguity (identical to Rook on this map)",0.88276218487395,1,FALSE,FALSE,FALSE
2020-03-01,0.0424194634156984,-0.0833333333333333,0.125752796749032,0.1741,0.168200875928704,"greater",9999,"Queen contiguity (identical to Rook on this map)",0.669356097560976,1,FALSE,FALSE,FALSE
2020-04-01,0.12262167561743,-0.0833333333333333,0.205955008950763,0.1151,0.106021223679588,"greater",9999,"Queen contiguity (identical to Rook on this map)",0.645765789473684,1,FALSE,FALSE,FALSE
2020-05-01,-0.166699723494077,-0.0833333333333333,-0.0833663901607435,0.6691,0.689852735374539,"greater",9999,"Queen contiguity (identical to Rook on this map)",0.88276218487395,1,FALSE,FALSE,FALSE
2020-06-01,0.0897625244382973,-0.0833333333333333,0.173095857771631,0.1281,0.112422847148848,"greater",9999,"Queen contiguity (identical to Rook on this map)",0.645765789473684,1,FALSE,FALSE,FALSE
2020-07-01,0.0837619607337192,-0.0833333333333333,0.167095294067053,0.1457,0.140657559161402,"greater",9999,"Queen contiguity (identical to Rook on this map)",0.645765789473684,1,FALSE,FALSE,FALSE
2020-08-01,0.0403944713549448,-0.0833333333333333,0.123727804688278,0.2056,0.212403649872735,"greater",9999,"Queen contiguity (identical to Rook on this map)",0.733618181818182,1,FALSE,FALSE,FALSE
2020-09-01,-0.224498915739344,-0.0833333333333333,-0.14116558240601,0.7949,0.802088234399858,"greater",9999,"Queen contiguity (identical to Rook on this map)",0.925851428571429,1,FALSE,FALSE,FALSE
2020-10-01,-0.0274544389721682,-0.0833333333333333,0.0558788943611651,0.335,0.345651521551671,"greater",9999,"Queen contiguity (identical to Rook on this map)",0.803701470588235,1,FALSE,FALSE,FALSE
2020-11-01,-0.237835614547303,-0.0833333333333333,-0.15450228121397,0.8534,0.852562999382592,"greater",9999,"Queen contiguity (identical to Rook on this map)",0.934795205479452,1,FALSE,FALSE,FALSE
2020-12-01,-0.178288570048783,-0.0833333333333333,-0.0949552367154501,0.6979,0.723822614576714,"greater",9999,"Queen contiguity (identical to Rook on this map)",0.898117213114754,1,FALSE,FALSE,FALSE
2021-01-01,-0.0187314759748837,-0.0833333333333333,0.0646018573584496,0.2504,0.266653260501267,"greater",9999,"Queen contiguity (identical to Rook on this map)",0.742047169811321,1,FALSE,FALSE,FALSE
2021-02-01,-0.143073461068188,-0.0833333333333333,-0.0597401277348549,0.727,0.738633207287718,"greater",9999,"Queen contiguity (identical to Rook on this map)",0.912718253968254,1,FALSE,FALSE,FALSE
2021-03-01,-0.106312626036447,-0.0833333333333333,-0.0229792927031135,0.5736,0.586443130341992,"greater",9999,"Queen contiguity (identical to Rook on this map)",0.88276218487395,1,FALSE,FALSE,FALSE
2021-04-01,0.00577098893666929,-0.0833333333333333,0.0891043222700026,0.2809,0.291021480467431,"greater",9999,"Queen contiguity (identical to Rook on this map)",0.760637931034483,1,FALSE,FALSE,FALSE
2021-05-01,0.142683778566199,-0.0833333333333333,0.226017111899532,0.0802,0.0697373725050979,"greater",9999,"Queen contiguity (identical to Rook on this map)",0.645765789473684,1,FALSE,FALSE,FALSE
2021-06-01,-0.0247074392706224,-0.0833333333333333,0.0586258940627109,0.3384,0.364313235297911,"greater",9999,"Queen contiguity (identical to Rook on this map)",0.803701470588235,1,FALSE,FALSE,FALSE
2021-07-01,-0.115385317723331,-0.0833333333333333,-0.0320519843899976,0.5471,0.576111226112126,"greater",9999,"Queen contiguity (identical to Rook on this map)",0.88276218487395,1,FALSE,FALSE,FALSE
2021-08-01,0.0969389436149394,-0.0833333333333333,0.180272276948273,0.1425,0.118862313956931,"greater",9999,"Queen contiguity (identical to Rook on this map)",0.645765789473684,1,FALSE,FALSE,FALSE
2021-09-01,0.0304326784682477,-0.0833333333333333,0.113766011801581,0.2368,0.247187323747582,"greater",9999,"Queen contiguity (identical to Rook on this map)",0.742047169811321,1,FALSE,FALSE,FALSE
2021-10-01,-0.0733303965059439,-0.0833333333333333,0.0100029368273895,0.4415,0.475832955953163,"greater",9999,"Queen contiguity (identical to Rook on this map)",0.825184523809524,1,FALSE,FALSE,FALSE
2021-11-01,0.0291765834934541,-0.0833333333333333,0.112509916826787,0.2219,0.233349984284336,"greater",9999,"Queen contiguity (identical to Rook on this map)",0.741240425531915,1,FALSE,FALSE,FALSE
2021-12-01,-0.0903182742339454,-0.0833333333333333,-0.00698494090061208,0.493,0.517047056942627,"greater",9999,"Queen contiguity (identical to Rook on this map)",0.857185869565217,1,FALSE,FALSE,FALSE
2022-01-01,0.1064932731534,-0.0833333333333333,0.189826606486734,0.1094,0.102644699843316,"greater",9999,"Queen contiguity (identical to Rook on this map)",0.645765789473684,1,FALSE,FALSE,FALSE
2022-02-01,-0.163602191763288,-0.0833333333333333,-0.080268858429955,0.6689,0.681703997868372,"greater",9999,"Queen contiguity (identical to Rook on this map)",0.88276218487395,1,FALSE,FALSE,FALSE
2022-03-01,0.035800658783373,-0.0833333333333333,0.119133992116706,0.2297,0.244494121205089,"greater",9999,"Queen contiguity (identical to Rook on this map)",0.742047169811321,1,FALSE,FALSE,FALSE
2022-04-01,0.105302098500763,-0.0833333333333333,0.188635431834097,0.1178,0.104361517909264,"greater",9999,"Queen contiguity (identical to Rook on this map)",0.645765789473684,1,FALSE,FALSE,FALSE
2022-05-01,-0.0357454897093868,-0.0833333333333333,0.0475878436239465,0.3638,0.386959210071853,"greater",9999,"Queen contiguity (identical to Rook on this map)",0.808963157894737,1,FALSE,FALSE,FALSE
2022-06-01,0.0123338785698133,-0.0833333333333333,0.0956672119031466,0.2405,0.257613252736337,"greater",9999,"Queen contiguity (identical to Rook on this map)",0.742047169811321,1,FALSE,FALSE,FALSE
2022-07-01,0.090434678794091,-0.0833333333333333,0.173768012127424,0.1447,0.136451870694493,"greater",9999,"Queen contiguity (identical to Rook on this map)",0.645765789473684,1,FALSE,FALSE,FALSE
2022-08-01,-0.297343679070477,-0.0833333333333333,-0.214010345737144,0.9173,0.907533748877127,"greater",9999,"Queen contiguity (identical to Rook on this map)",0.960107333333333,1,FALSE,FALSE,FALSE
2022-09-01,-0.052721773283889,-0.0833333333333333,0.0306115600494443,0.4018,0.424593169213209,"greater",9999,"Queen contiguity (identical to Rook on this map)",0.811613414634146,1,FALSE,FALSE,FALSE
2022-10-01,-0.190598075584212,-0.0833333333333333,-0.107264742250878,0.7325,0.757600087393357,"greater",9999,"Queen contiguity (identical to Rook on this map)",0.912718253968254,1,FALSE,FALSE,FALSE
2022-11-01,-0.170579823086696,-0.0833333333333333,-0.0872464897533625,0.6911,0.713006932143132,"greater",9999,"Queen contiguity (identical to Rook on this map)",0.897884297520661,1,FALSE,FALSE,FALSE
2022-12-01,-0.192861691485686,-0.0833333333333333,-0.109528358152353,0.7291,0.738740661548313,"greater",9999,"Queen contiguity (identical to Rook on this map)",0.912718253968254,1,FALSE,FALSE,FALSE
2023-01-01,-0.0373287132843518,-0.0833333333333333,0.0460046200489816,0.3437,0.34994013369967,"greater",9999,"Queen contiguity (identical to Rook on this map)",0.803701470588235,1,FALSE,FALSE,FALSE
2023-02-01,-0.169115099502666,-0.0833333333333333,-0.0857817661693322,0.692,0.704237133293799,"greater",9999,"Queen contiguity (identical to Rook on this map)",0.897884297520661,1,FALSE,FALSE,FALSE
2023-03-01,-0.269453574772343,-0.0833333333333333,-0.18612024143901,0.8883,0.885642913688637,"greater",9999,"Queen contiguity (identical to Rook on this map)",0.942318243243243,1,FALSE,FALSE,FALSE
2023-04-01,0.390001082036954,-0.0833333333333333,0.473334415370287,0.0062,0.0023481768971982,"greater",9999,"Queen contiguity (identical to Rook on this map)",0.4867,0.9672,TRUE,FALSE,FALSE
2023-05-01,-0.0115744465278528,-0.0833333333333333,0.0717588868054806,0.3143,0.331469231239139,"greater",9999,"Queen contiguity (identical to Rook on this map)",0.795888709677419,1,FALSE,FALSE,FALSE
2023-06-01,-0.262541143672272,-0.0833333333333333,-0.179207810338939,0.868,0.861344137348133,"greater",9999,"Queen contiguity (identical to Rook on this map)",0.934795205479452,1,FALSE,FALSE,FALSE
2023-07-01,-0.0866501095433861,-0.0833333333333333,-0.00331677621005276,0.4808,0.507757667610787,"greater",9999,"Queen contiguity (identical to Rook on this map)",0.857185869565217,1,FALSE,FALSE,FALSE
2023-08-01,-0.347738587977524,-0.0833333333333333,-0.264405254644191,0.9738,0.953041214099344,"greater",9999,"Queen contiguity (identical to Rook on this map)",0.988294871794872,1,FALSE,FALSE,FALSE
2023-09-01,0.122239888314227,-0.0833333333333333,0.205573221647561,0.0997,0.0917697308664845,"greater",9999,"Queen contiguity (identical to Rook on this map)",0.645765789473684,1,FALSE,FALSE,FALSE
2023-10-01,-0.160500279651103,-0.0833333333333333,-0.0771669463177692,0.6524,0.678199556495838,"greater",9999,"Queen contiguity (identical to Rook on this map)",0.88276218487395,1,FALSE,FALSE,FALSE
2023-11-01,-0.0464725445698109,-0.0833333333333333,0.0368607887635224,0.3797,0.412164149933005,"greater",9999,"Queen contiguity (identical to Rook on this map)",0.808963157894737,1,FALSE,FALSE,FALSE
2023-12-01,0.0992628788430113,-0.0833333333333333,0.182596212176345,0.0385,0.0348933696100302,"greater",9999,"Queen contiguity (identical to Rook on this map)",0.5495,1,TRUE,FALSE,FALSE
2024-01-01,0.0397266379262909,-0.0833333333333333,0.123059971259624,0.22,0.21843441837644,"greater",9999,"Queen contiguity (identical to Rook on this map)",0.741240425531915,1,FALSE,FALSE,FALSE
2024-02-01,0.265806699280596,-0.0833333333333333,0.349140032613929,0.0257,0.0167157952595154,"greater",9999,"Queen contiguity (identical to Rook on this map)",0.5043625,1,TRUE,FALSE,FALSE
2024-03-01,0.0920666030852309,-0.0833333333333333,0.175399936418564,0.1508,0.145941874858715,"greater",9999,"Queen contiguity (identical to Rook on this map)",0.645765789473684,1,FALSE,FALSE,FALSE
2024-04-01,0.199974513188054,-0.0833333333333333,0.283307846521388,0.055,0.0414756884558503,"greater",9999,"Queen contiguity (identical to Rook on this map)",0.5809,1,FALSE,FALSE,FALSE
2024-05-01,0.00592770040890755,-0.0833333333333333,0.0892610337422409,0.2873,0.289140194836789,"greater",9999,"Queen contiguity (identical to Rook on this map)",0.764510169491525,1,FALSE,FALSE,FALSE
2024-06-01,-0.147887929455581,-0.0833333333333333,-0.0645545961222474,0.6234,0.649270229229994,"greater",9999,"Queen contiguity (identical to Rook on this map)",0.88276218487395,1,FALSE,FALSE,FALSE
2024-07-01,0.00212182683381158,-0.0833333333333333,0.0854551601671449,0.281,0.304144010670319,"greater",9999,"Queen contiguity (identical to Rook on this map)",0.760637931034483,1,FALSE,FALSE,FALSE
2024-08-01,-0.132868651331732,-0.0833333333333333,-0.0495353179983991,0.5953,0.615710193801927,"greater",9999,"Queen contiguity (identical to Rook on this map)",0.88276218487395,1,FALSE,FALSE,FALSE
2024-09-01,-0.0444528909621103,-0.0833333333333333,0.0388804423712231,0.3897,0.400621513756718,"greater",9999,"Queen contiguity (identical to Rook on this map)",0.808963157894737,1,FALSE,FALSE,FALSE
2024-10-01,-0.212266164614144,-0.0833333333333333,-0.12893283128081,0.7724,0.783095498000063,"greater",9999,"Queen contiguity (identical to Rook on this map)",0.925851428571429,1,FALSE,FALSE,FALSE
2024-11-01,0.143572006764841,-0.0833333333333333,0.226905340098174,0.0541,0.052067153712106,"greater",9999,"Queen contiguity (identical to Rook on this map)",0.5809,1,FALSE,FALSE,FALSE
2024-12-01,0.0194769168768467,-0.0833333333333333,0.10281025021018,0.2505,0.272601208997188,"greater",9999,"Queen contiguity (identical to Rook on this map)",0.742047169811321,1,FALSE,FALSE,FALSE
2025-01-01,-0.0708622729040146,-0.0833333333333333,0.0124710604293187,0.4489,0.469678913167326,"greater",9999,"Queen contiguity (identical to Rook on this map)",0.829144705882353,1,FALSE,FALSE,FALSE
2025-02-01,-0.125259410786795,-0.0833333333333333,-0.0419260774534613,0.592,0.612003796422001,"greater",9999,"Queen contiguity (identical to Rook on this map)",0.88276218487395,1,FALSE,FALSE,FALSE
2025-03-01,-0.223004375073778,-0.0833333333333333,-0.139671041740445,0.811,0.815972814461523,"greater",9999,"Queen contiguity (identical to Rook on this map)",0.925851428571429,1,FALSE,FALSE,FALSE
2025-04-01,-0.389493361018871,-0.0833333333333333,-0.306160027685538,0.9794,0.96465111090779,"greater",9999,"Queen contiguity (identical to Rook on this map)",0.988294871794872,1,FALSE,FALSE,FALSE
2025-05-01,-0.387753080937157,-0.0833333333333333,-0.304419747603824,0.9809,0.965169526297335,"greater",9999,"Queen contiguity (identical to Rook on this map)",0.988294871794872,1,FALSE,FALSE,FALSE
2025-06-01,-0.0962260696942631,-0.0833333333333333,-0.0128927363609297,0.5023,0.530060848468403,"greater",9999,"Queen contiguity (identical to Rook on this map)",0.857185869565217,1,FALSE,FALSE,FALSE
2025-07-01,0.0839764812464502,-0.0833333333333333,0.167309814579784,0.155,0.157879062682394,"greater",9999,"Queen contiguity (identical to Rook on this map)",0.645765789473684,1,FALSE,FALSE,FALSE
2025-08-01,0.160068186180206,-0.0833333333333333,0.243401519513539,0.0356,0.0277924260837823,"greater",9999,"Queen contiguity (identical to Rook on this map)",0.5495,1,TRUE,FALSE,FALSE
2025-09-01,-0.153138658243001,-0.0833333333333333,-0.0698053249096681,0.6421,0.665152346150745,"greater",9999,"Queen contiguity (identical to Rook on this map)",0.88276218487395,1,FALSE,FALSE,FALSE
2025-10-01,0.265104747069195,-0.0833333333333333,0.348438080402529,0.0149,0.0118471219908733,"greater",9999,"Queen contiguity (identical to Rook on this map)",0.5043625,1,TRUE,FALSE,FALSE
2025-11-01,0.24141796820705,-0.0833333333333333,0.324751301540383,0.0254,0.0210414965001235,"greater",9999,"Queen contiguity (identical to Rook on this map)",0.5043625,1,TRUE,FALSE,FALSE
2025-12-01,-0.152783759335153,-0.0833333333333333,-0.0694504260018198,0.6459,0.668045215244454,"greater",9999,"Queen contiguity (identical to Rook on this map)",0.88276218487395,1,FALSE,FALSE,FALSE
2026-01-01,0.140325159002287,-0.0833333333333333,0.22365849233562,0.1011,0.086831734733775,"greater",9999,"Queen contiguity (identical to Rook on this map)",0.645765789473684,1,FALSE,FALSE,FALSE
2026-02-01,0.135222786641641,-0.0833333333333333,0.218556119974975,0.0997,0.085571850793343,"greater",9999,"Queen contiguity (identical to Rook on this map)",0.645765789473684,1,FALSE,FALSE,FALSE
