"date","I_raw","expected_I_raw","I_minus_expected_raw","perm_p_raw","sig_BH_raw","sig_Holm_raw","I_resid","expected_I_resid","I_minus_expected_resid","perm_p_resid","sig_BH_resid","sig_Holm_resid","I_diff_resid_minus_raw"
2013-02-01,-0.372826871520764,-0.0833333333333333,-0.289493538187431,0.9743,FALSE,FALSE,-0.262156309329915,-0.0833333333333333,-0.178822975996582,0.8693,FALSE,FALSE,0.110670562190849
2013-03-01,0.235083448944124,-0.0833333333333333,0.318416782277457,0.0314,FALSE,FALSE,0.428023613627348,-0.0833333333333333,0.511356946960681,0.0028,FALSE,FALSE,0.192940164683224
2013-04-01,0.0277673930147685,-0.0833333333333333,0.111100726348102,0.2398,FALSE,FALSE,-0.0616521520592003,-0.0833333333333333,0.021681181274133,0.4349,FALSE,FALSE,-0.0894195450739689
2013-05-01,0.118028872382593,-0.0833333333333333,0.201362205715926,0.1212,FALSE,FALSE,0.0887550520995147,-0.0833333333333333,0.172088385432848,0.1563,FALSE,FALSE,-0.0292738202830782
2013-06-01,-0.133549651389804,-0.0833333333333333,-0.0502163180564708,0.5678,FALSE,FALSE,-0.0925881389943251,-0.0833333333333333,-0.00925480566099174,0.4664,FALSE,FALSE,0.0409615123954791
2013-07-01,-0.0444114829439101,-0.0833333333333333,0.0389218503894233,0.3999,FALSE,FALSE,-0.0075307808137541,-0.0833333333333333,0.0758025525195792,0.307,FALSE,FALSE,0.036880702130156
2013-08-01,-0.257480717888058,-0.0833333333333333,-0.174147384554725,0.9053,FALSE,FALSE,-0.229165152599751,-0.0833333333333333,-0.145831819266418,0.862,FALSE,FALSE,0.028315565288307
2013-09-01,-0.0218151854504023,-0.0833333333333333,0.061518147882931,0.1632,FALSE,FALSE,-0.0284878424369116,-0.0833333333333333,0.0548454908964218,0.1822,FALSE,FALSE,-0.00667265698650921
2013-10-01,-0.184784562163863,-0.0833333333333333,-0.101451228830529,0.7833,FALSE,FALSE,-0.212704511748738,-0.0833333333333333,-0.129371178415404,0.8256,FALSE,FALSE,-0.0279199495848752
2013-11-01,-0.235792277565486,-0.0833333333333333,-0.152458944232152,0.8318,FALSE,FALSE,-0.20470143992514,-0.0833333333333333,-0.121368106591806,0.777,FALSE,FALSE,0.0310908376403459
2013-12-01,-0.170713951837551,-0.0833333333333333,-0.0873806185042172,0.6888,FALSE,FALSE,-0.219621327256119,-0.0833333333333333,-0.136287993922786,0.7911,FALSE,FALSE,-0.0489073754185683
2014-01-01,-0.0769864501175011,-0.0833333333333333,0.00634688321583222,0.4567,FALSE,FALSE,-0.0620684039164234,-0.0833333333333333,0.0212649294169099,0.4089,FALSE,FALSE,0.0149180462010777
2014-02-01,-0.232743215814705,-0.0833333333333333,-0.149409882481372,0.8341,FALSE,FALSE,-0.209965725988943,-0.0833333333333333,-0.12663239265561,0.8089,FALSE,FALSE,0.0227774898257616
2014-03-01,-0.0434513477890389,-0.0833333333333333,0.0398819855442945,0.3186,FALSE,FALSE,-0.0362851412805055,-0.0833333333333333,0.0470481920528278,0.2746,FALSE,FALSE,0.00716620650853336
2014-04-01,-0.0522406044821118,-0.0833333333333333,0.0310927288512215,0.2599,FALSE,FALSE,-0.0539125251272986,-0.0833333333333333,0.0294208082060347,0.2761,FALSE,FALSE,-0.00167192064518679
2014-05-01,-0.135499364553235,-0.0833333333333333,-0.0521660312199018,0.7853,FALSE,FALSE,-0.126469427868319,-0.0833333333333333,-0.0431360945349859,0.752,FALSE,FALSE,0.00902993668491586
2014-06-01,-0.0458827207700228,-0.0833333333333333,0.0374506125633106,0.2698,FALSE,FALSE,-0.05172270026847,-0.0833333333333333,0.0316106330648633,0.3103,FALSE,FALSE,-0.00583997949844722
2014-07-01,-0.0155748826258694,-0.0833333333333333,0.0677584507074639,0.3003,FALSE,FALSE,-0.0503111889626436,-0.0833333333333333,0.0330221443706897,0.3916,FALSE,FALSE,-0.0347363063367742
2014-08-01,-0.121879469546239,-0.0833333333333333,-0.0385461362129061,0.5505,FALSE,FALSE,-0.0998205259956807,-0.0833333333333333,-0.0164871926623474,0.4999,FALSE,FALSE,0.0220589435505587
2014-09-01,-0.0228625940326121,-0.0833333333333333,0.0604707393007212,0.3451,FALSE,FALSE,-0.0347289976308044,-0.0833333333333333,0.048604335702529,0.3668,FALSE,FALSE,-0.0118664035981922
2014-10-01,0.000963454759488802,-0.0833333333333333,0.0842967880928221,0.0497,FALSE,FALSE,0.00527369370954304,-0.0833333333333333,0.0886070270428764,0.02,FALSE,FALSE,0.00431023895005424
2014-11-01,0.0277920989269928,-0.0833333333333333,0.111125432260326,0.067,FALSE,FALSE,0.0229202151198922,-0.0833333333333333,0.106253548453226,0.081,FALSE,FALSE,-0.00487188380710056
2014-12-01,-0.0611749124770267,-0.0833333333333333,0.0221584208563067,0.5173,FALSE,FALSE,-0.0998230503175051,-0.0833333333333333,-0.0164897169841717,0.5967,FALSE,FALSE,-0.0386481378404784
2015-01-01,-0.0877565815665686,-0.0833333333333333,-0.00442324823323527,0.5065,FALSE,FALSE,-0.0539851841495915,-0.0833333333333333,0.0293481491837418,0.4082,FALSE,FALSE,0.0337713974169771
2015-02-01,-0.00558146197226206,-0.0833333333333333,0.0777518713610713,0.0561,FALSE,FALSE,-0.0006523939508751,-0.0833333333333333,0.0826809393824582,0.0187,FALSE,FALSE,0.00492906802138696
2015-03-01,-0.0293210798852264,-0.0833333333333333,0.0540122534481069,0.0847,FALSE,FALSE,-0.034876442232572,-0.0833333333333333,0.0484568911007613,0.1363,FALSE,FALSE,-0.00555536234734563
2015-04-01,-0.227288092649769,-0.0833333333333333,-0.143954759316436,0.8417,FALSE,FALSE,-0.200227448838512,-0.0833333333333333,-0.116894115505179,0.7993,FALSE,FALSE,0.0270606438112565
2015-05-01,-0.0621862332587781,-0.0833333333333333,0.0211471000745552,0.4348,FALSE,FALSE,-0.105206712433411,-0.0833333333333333,-0.0218733791000777,0.5434,FALSE,FALSE,-0.0430204791746329
2015-06-01,-0.0814604688175612,-0.0833333333333333,0.00187286451577209,0.5185,FALSE,FALSE,-0.0967026104786128,-0.0833333333333333,-0.0133692771452795,0.6213,FALSE,FALSE,-0.0152421416610516
2015-07-01,-0.0381025980707259,-0.0833333333333333,0.0452307352626075,0.3438,FALSE,FALSE,-0.128583984645584,-0.0833333333333333,-0.0452506513122504,0.5855,FALSE,FALSE,-0.0904813865748579
2015-08-01,-0.174021999837188,-0.0833333333333333,-0.0906886665038549,0.6876,FALSE,FALSE,-0.137876490772444,-0.0833333333333333,-0.054543157439111,0.5902,FALSE,FALSE,0.0361455090647439
2015-09-01,0.259052153406558,-0.0833333333333333,0.342385486739891,0.0175,FALSE,FALSE,0.317910366315186,-0.0833333333333333,0.40124369964852,0.0102,FALSE,FALSE,0.0588582129086285
2015-10-01,0.0391524339192627,-0.0833333333333333,0.122485767252596,0.1917,FALSE,FALSE,-0.0117888004475677,-0.0833333333333333,0.0715445328857656,0.3301,FALSE,FALSE,-0.0509412343668305
2015-11-01,-0.0235656834734188,-0.0833333333333333,0.0597676498599145,0.327,FALSE,FALSE,-0.08859046483926,-0.0833333333333333,-0.00525713150592667,0.4918,FALSE,FALSE,-0.0650247813658412
2015-12-01,-0.205912435485363,-0.0833333333333333,-0.12257910215203,0.7653,FALSE,FALSE,-0.155266259826907,-0.0833333333333333,-0.0719329264935737,0.6443,FALSE,FALSE,0.0506461756584563
2016-01-01,-0.134254024952418,-0.0833333333333333,-0.050920691619085,0.5971,FALSE,FALSE,-0.147093751524652,-0.0833333333333333,-0.0637604181913186,0.6244,FALSE,FALSE,-0.0128397265722336
2016-02-01,-0.115626970663483,-0.0833333333333333,-0.03229363733015,0.5537,FALSE,FALSE,-0.149508434453481,-0.0833333333333333,-0.0661751011201476,0.6347,FALSE,FALSE,-0.0338814637899976
2016-03-01,-0.0510554941908984,-0.0833333333333333,0.0322778391424349,0.3179,FALSE,FALSE,-0.0332693164967486,-0.0833333333333333,0.0500640168365847,0.2188,FALSE,FALSE,0.0177861776941498
2016-04-01,-0.0104859182473807,-0.0833333333333333,0.0728474150859527,0.3266,FALSE,FALSE,-0.0523260742159036,-0.0833333333333333,0.0310072591174297,0.4146,FALSE,FALSE,-0.0418401559685229
2016-05-01,-0.350162713631248,-0.0833333333333333,-0.266829380297914,0.9688,FALSE,FALSE,-0.35734756972047,-0.0833333333333333,-0.274014236387137,0.9741,FALSE,FALSE,-0.00718485608922281
2016-06-01,-0.0370885101065437,-0.0833333333333333,0.0462448232267896,0.3497,FALSE,FALSE,-0.0672646548302466,-0.0833333333333333,0.0160686785030867,0.4227,FALSE,FALSE,-0.0301761447237029
2016-07-01,-0.0852125454764812,-0.0833333333333333,-0.00187921214314787,0.5476,FALSE,FALSE,-0.104935472913415,-0.0833333333333333,-0.0216021395800819,0.6614,FALSE,FALSE,-0.019722927436934
2016-08-01,0.141007187010105,-0.0833333333333333,0.224340520343438,0.0859,FALSE,FALSE,0.238139446136015,-0.0833333333333333,0.321472779469348,0.0319,FALSE,FALSE,0.0971322591259099
2016-09-01,-0.197941032683282,-0.0833333333333333,-0.114607699349948,0.7506,FALSE,FALSE,-0.208653797815925,-0.0833333333333333,-0.125320464482592,0.7891,FALSE,FALSE,-0.0107127651326434
2016-10-01,-0.0580801436893374,-0.0833333333333333,0.025253189643996,0.406,FALSE,FALSE,-0.237478190083657,-0.0833333333333333,-0.154144856750324,0.8182,FALSE,FALSE,-0.17939804639432
2016-11-01,-0.0974271626589855,-0.0833333333333333,-0.0140938293256521,0.513,FALSE,FALSE,-0.0839058996936913,-0.0833333333333333,-0.000572566360358004,0.4906,FALSE,FALSE,0.0135212629652941
2016-12-01,-0.216573243403389,-0.0833333333333333,-0.133239910070055,0.8616,FALSE,FALSE,-0.212784883843289,-0.0833333333333333,-0.129451550509956,0.8635,FALSE,FALSE,0.00378835956009937
2017-01-01,-0.0884164684561544,-0.0833333333333333,-0.0050831351228211,0.5103,FALSE,FALSE,-0.0491731225943821,-0.0833333333333333,0.0341602107389512,0.3481,FALSE,FALSE,0.0392433458617723
2017-02-01,-0.0755452986276523,-0.0833333333333333,0.00778803470568104,0.4544,FALSE,FALSE,-0.157818224637675,-0.0833333333333333,-0.0744848913043421,0.6449,FALSE,FALSE,-0.0822729260100232
2017-03-01,-0.0174531378718449,-0.0833333333333333,0.0658801954614885,0.0765,FALSE,FALSE,-0.0141256911432192,-0.0833333333333333,0.0692076421901141,0.0524,FALSE,FALSE,0.00332744672862561
2017-04-01,-0.136145981504096,-0.0833333333333333,-0.0528126481707622,0.6099,FALSE,FALSE,-0.226427615621828,-0.0833333333333333,-0.143094282288494,0.8222,FALSE,FALSE,-0.0902816341177322
2017-05-01,-0.331807924767366,-0.0833333333333333,-0.248474591434033,0.9475,FALSE,FALSE,-0.396601837208885,-0.0833333333333333,-0.313268503875551,0.982,FALSE,FALSE,-0.0647939124415187
2017-06-01,0.0507081272806237,-0.0833333333333333,0.134041460613957,0.2029,FALSE,FALSE,-0.0652467121491401,-0.0833333333333333,0.0180866211841932,0.4239,FALSE,FALSE,-0.115954839429764
2017-07-01,-0.181111386792341,-0.0833333333333333,-0.097778053459008,0.702,FALSE,FALSE,-0.246174959293969,-0.0833333333333333,-0.162841625960635,0.8868,FALSE,FALSE,-0.0650635725016274
2017-08-01,-0.271350394890815,-0.0833333333333333,-0.188017061557482,0.9246,FALSE,FALSE,-0.170884331695225,-0.0833333333333333,-0.0875509983618917,0.7071,FALSE,FALSE,0.10046606319559
2017-09-01,-0.262953404792519,-0.0833333333333333,-0.179620071459185,0.9801,FALSE,FALSE,-0.286661493295893,-0.0833333333333333,-0.20332815996256,0.9912,FALSE,FALSE,-0.0237080885033744
2017-10-01,-0.114107136548904,-0.0833333333333333,-0.0307738032155705,0.5667,FALSE,FALSE,-0.149338567514148,-0.0833333333333333,-0.0660052341808147,0.6626,FALSE,FALSE,-0.0352314309652442
2017-11-01,-0.0786079177562012,-0.0833333333333333,0.00472541557713209,0.4594,FALSE,FALSE,-0.0979550008035825,-0.0833333333333333,-0.0146216674702492,0.5209,FALSE,FALSE,-0.0193470830473813
2017-12-01,0.101967983153551,-0.0833333333333333,0.185301316486884,0.1009,FALSE,FALSE,0.126140571547206,-0.0833333333333333,0.209473904880539,0.0759,FALSE,FALSE,0.0241725883936548
2018-01-01,-0.11980753427463,-0.0833333333333333,-0.0364742009412967,0.5681,FALSE,FALSE,-0.124519839037987,-0.0833333333333333,-0.0411865057046533,0.5807,FALSE,FALSE,-0.00471230476335664
2018-02-01,0.0292862374062222,-0.0833333333333333,0.112619570739556,0.2264,FALSE,FALSE,-0.0437317109368835,-0.0833333333333333,0.0396016223964498,0.3622,FALSE,FALSE,-0.0730179483431058
2018-03-01,0.0390152238402597,-0.0833333333333333,0.122348557173593,0.2189,FALSE,FALSE,0.00244660792213339,-0.0833333333333333,0.0857799412554667,0.278,FALSE,FALSE,-0.0365686159181263
2018-04-01,0.0119449541077289,-0.0833333333333333,0.0952782874410622,0.2688,FALSE,FALSE,-0.04335287334758,-0.0833333333333333,0.0399804599857534,0.3806,FALSE,FALSE,-0.0552978274553089
2018-05-01,0.144054818488353,-0.0833333333333333,0.227388151821687,0.0993,FALSE,FALSE,0.102484278602696,-0.0833333333333333,0.18581761193603,0.1447,FALSE,FALSE,-0.0415705398856571
2018-06-01,-0.21013825852893,-0.0833333333333333,-0.126804925195597,0.7638,FALSE,FALSE,-0.259148400074509,-0.0833333333333333,-0.175815066741176,0.8576,FALSE,FALSE,-0.0490101415455791
2018-07-01,0.0590704549178425,-0.0833333333333333,0.142403788251176,0.1071,FALSE,FALSE,0.0656859280909624,-0.0833333333333333,0.149019261424296,0.0927,FALSE,FALSE,0.00661547317311983
2018-08-01,-0.258353901870092,-0.0833333333333333,-0.175020568536759,0.8777,FALSE,FALSE,-0.313244340460779,-0.0833333333333333,-0.229911007127446,0.9447,FALSE,FALSE,-0.0548904385906867
2018-09-01,-0.151716482510132,-0.0833333333333333,-0.0683831491767985,0.6363,FALSE,FALSE,-0.202480662407436,-0.0833333333333333,-0.119147329074102,0.7677,FALSE,FALSE,-0.0507641798973039
2018-10-01,0.0307829108019985,-0.0833333333333333,0.114116244135332,0.2321,FALSE,FALSE,0.108955908433583,-0.0833333333333333,0.192289241766916,0.1296,FALSE,FALSE,0.0781729976315846
2018-11-01,0.0790477431299357,-0.0833333333333333,0.162381076463269,0.1288,FALSE,FALSE,0.0552299866017902,-0.0833333333333333,0.138563319935124,0.1748,FALSE,FALSE,-0.0238177565281455
2018-12-01,-0.10646075738868,-0.0833333333333333,-0.023127424055347,0.5712,FALSE,FALSE,-0.107281405148889,-0.0833333333333333,-0.0239480718155557,0.5684,FALSE,FALSE,-0.000820647760208751
2019-01-01,0.215730149359299,-0.0833333333333333,0.299063482692632,0.0512,FALSE,FALSE,0.206630851279402,-0.0833333333333333,0.289964184612735,0.0555,FALSE,FALSE,-0.00909929807989718
2019-02-01,-0.168282002507155,-0.0833333333333333,-0.0849486691738217,0.6701,FALSE,FALSE,-0.162679806024037,-0.0833333333333333,-0.0793464726907036,0.6528,FALSE,FALSE,0.00560219648311808
2019-03-01,0.0280057461712085,-0.0833333333333333,0.111339079504542,0.2083,FALSE,FALSE,0.096987579539294,-0.0833333333333333,0.180320912872627,0.116,FALSE,FALSE,0.0689818333680855
2019-04-01,-0.27167115216449,-0.0833333333333333,-0.188337818831156,0.8744,FALSE,FALSE,-0.295430755924136,-0.0833333333333333,-0.212097422590802,0.9055,FALSE,FALSE,-0.023759603759646
2019-05-01,-0.24552363005507,-0.0833333333333333,-0.162190296721737,0.8564,FALSE,FALSE,-0.190938596717777,-0.0833333333333333,-0.107605263384444,0.7446,FALSE,FALSE,0.0545850333372928
2019-06-01,0.111161755149679,-0.0833333333333333,0.194495088483012,0.1293,FALSE,FALSE,0.0544606380865006,-0.0833333333333333,0.137793971419834,0.1982,FALSE,FALSE,-0.0567011170631785
2019-07-01,0.0787566663744955,-0.0833333333333333,0.162089999707829,0.1642,FALSE,FALSE,0.0240265562244001,-0.0833333333333333,0.107359889557733,0.2501,FALSE,FALSE,-0.0547301101500954
2019-08-01,-0.130688180100508,-0.0833333333333333,-0.0473548467671751,0.5781,FALSE,FALSE,-0.134980611377259,-0.0833333333333333,-0.0516472780439261,0.5931,FALSE,FALSE,-0.00429243127675102
2019-09-01,-0.0536284484455016,-0.0833333333333333,0.0297048848878317,0.4015,FALSE,FALSE,-0.0444863865676518,-0.0833333333333333,0.0388469467656815,0.3841,FALSE,FALSE,0.00914206187784979
2019-10-01,0.0591667526265917,-0.0833333333333333,0.142500085959925,0.1838,FALSE,FALSE,0.100061617347727,-0.0833333333333333,0.18339495068106,0.1315,FALSE,FALSE,0.0408948647211352
2019-11-01,0.136980688274858,-0.0833333333333333,0.220314021608191,0.0924,FALSE,FALSE,0.0923578533985196,-0.0833333333333333,0.175691186731853,0.1351,FALSE,FALSE,-0.0446228348763385
2019-12-01,0.12998357186149,-0.0833333333333333,0.213316905194823,0.1049,FALSE,FALSE,0.0765484104196406,-0.0833333333333333,0.159881743752974,0.1607,FALSE,FALSE,-0.0534351614418492
2020-01-01,-0.0580238124813823,-0.0833333333333333,0.0253095208519511,0.4011,FALSE,FALSE,-0.0410262839818742,-0.0833333333333333,0.0423070493514592,0.3436,FALSE,FALSE,0.0169975284995081
2020-02-01,-0.0905769234677574,-0.0833333333333333,-0.00724359013442409,0.5085,FALSE,FALSE,-0.099973274755144,-0.0833333333333333,-0.0166399414218107,0.5584,FALSE,FALSE,-0.00939635128738657
2020-03-01,0.0696015139819139,-0.0833333333333333,0.152934847315247,0.1377,FALSE,FALSE,0.0424194634156984,-0.0833333333333333,0.125752796749032,0.1741,FALSE,FALSE,-0.0271820505662156
2020-04-01,0.068873492760028,-0.0833333333333333,0.152206826093361,0.1717,FALSE,FALSE,0.12262167561743,-0.0833333333333333,0.205955008950763,0.1151,FALSE,FALSE,0.0537481828574021
2020-05-01,-0.0253926175997211,-0.0833333333333333,0.0579407157336122,0.3411,FALSE,FALSE,-0.166699723494077,-0.0833333333333333,-0.0833663901607435,0.6691,FALSE,FALSE,-0.141307105894356
2020-06-01,0.021024341460919,-0.0833333333333333,0.104357674794252,0.2371,FALSE,FALSE,0.0897625244382973,-0.0833333333333333,0.173095857771631,0.1281,FALSE,FALSE,0.0687381829773783
2020-07-01,0.0990062726200008,-0.0833333333333333,0.182339605953334,0.1301,FALSE,FALSE,0.0837619607337192,-0.0833333333333333,0.167095294067053,0.1457,FALSE,FALSE,-0.0152443118862816
2020-08-01,-0.00460486654376653,-0.0833333333333333,0.0787284667895668,0.2724,FALSE,FALSE,0.0403944713549448,-0.0833333333333333,0.123727804688278,0.2056,FALSE,FALSE,0.0449993378987114
2020-09-01,-0.282311281931844,-0.0833333333333333,-0.198977948598511,0.8952,FALSE,FALSE,-0.224498915739344,-0.0833333333333333,-0.14116558240601,0.7949,FALSE,FALSE,0.0578123661925004
2020-10-01,-0.0676943441682605,-0.0833333333333333,0.0156389891650729,0.4404,FALSE,FALSE,-0.0274544389721682,-0.0833333333333333,0.0558788943611651,0.335,FALSE,FALSE,0.0402399051960923
2020-11-01,-0.243790458638811,-0.0833333333333333,-0.160457125305478,0.8674,FALSE,FALSE,-0.237835614547303,-0.0833333333333333,-0.15450228121397,0.8534,FALSE,FALSE,0.00595484409150784
2020-12-01,-0.22282440445145,-0.0833333333333333,-0.139491071118116,0.8043,FALSE,FALSE,-0.178288570048783,-0.0833333333333333,-0.0949552367154501,0.6979,FALSE,FALSE,0.0445358344026662
2021-01-01,-0.0308877683589267,-0.0833333333333333,0.0524455649744066,0.2825,FALSE,FALSE,-0.0187314759748837,-0.0833333333333333,0.0646018573584496,0.2504,FALSE,FALSE,0.0121562923840431
2021-02-01,-0.164298872825173,-0.0833333333333333,-0.0809655394918397,0.791,FALSE,FALSE,-0.143073461068188,-0.0833333333333333,-0.0597401277348549,0.727,FALSE,FALSE,0.0212254117569848
2021-03-01,-0.090071444335651,-0.0833333333333333,-0.00673811100231766,0.5233,FALSE,FALSE,-0.106312626036447,-0.0833333333333333,-0.0229792927031135,0.5736,FALSE,FALSE,-0.0162411817007958
2021-04-01,-0.0687016891398956,-0.0833333333333333,0.0146316441934378,0.4494,FALSE,FALSE,0.00577098893666929,-0.0833333333333333,0.0891043222700026,0.2809,FALSE,FALSE,0.0744726780765649
2021-05-01,0.16339985962952,-0.0833333333333333,0.246733192962853,0.0654,FALSE,FALSE,0.142683778566199,-0.0833333333333333,0.226017111899532,0.0802,FALSE,FALSE,-0.0207160810633207
2021-06-01,-0.13436713707903,-0.0833333333333333,-0.0510338037456967,0.5933,FALSE,FALSE,-0.0247074392706224,-0.0833333333333333,0.0586258940627109,0.3384,FALSE,FALSE,0.109659697808408
2021-07-01,-0.0897725173763886,-0.0833333333333333,-0.00643918404305525,0.4869,FALSE,FALSE,-0.115385317723331,-0.0833333333333333,-0.0320519843899976,0.5471,FALSE,FALSE,-0.0256128003469424
2021-08-01,0.0640000112081974,-0.0833333333333333,0.147333344541531,0.169,FALSE,FALSE,0.0969389436149394,-0.0833333333333333,0.180272276948273,0.1425,FALSE,FALSE,0.032938932406742
2021-09-01,0.0960475037464958,-0.0833333333333333,0.179380837079829,0.1413,FALSE,FALSE,0.0304326784682477,-0.0833333333333333,0.113766011801581,0.2368,FALSE,FALSE,-0.0656148252782481
2021-10-01,-0.130334288815757,-0.0833333333333333,-0.0470009554824237,0.5872,FALSE,FALSE,-0.0733303965059439,-0.0833333333333333,0.0100029368273895,0.4415,FALSE,FALSE,0.0570038923098132
2021-11-01,-0.0905756429301488,-0.0833333333333333,-0.00724230959681543,0.4603,FALSE,FALSE,0.0291765834934541,-0.0833333333333333,0.112509916826787,0.2219,FALSE,FALSE,0.119752226423603
2021-12-01,-0.134999842999131,-0.0833333333333333,-0.0516665096657978,0.598,FALSE,FALSE,-0.0903182742339454,-0.0833333333333333,-0.00698494090061208,0.493,FALSE,FALSE,0.0446815687651857
2022-01-01,0.101644502222073,-0.0833333333333333,0.184977835555406,0.121,FALSE,FALSE,0.1064932731534,-0.0833333333333333,0.189826606486734,0.1094,FALSE,FALSE,0.00484877093132773
2022-02-01,-0.23069673752097,-0.0833333333333333,-0.147363404187636,0.8103,FALSE,FALSE,-0.163602191763288,-0.0833333333333333,-0.080268858429955,0.6689,FALSE,FALSE,0.0670945457576812
2022-03-01,0.0031829347753657,-0.0833333333333333,0.086516268108699,0.2849,FALSE,FALSE,0.035800658783373,-0.0833333333333333,0.119133992116706,0.2297,FALSE,FALSE,0.0326177240080073
2022-04-01,0.130488087560844,-0.0833333333333333,0.213821420894177,0.0923,FALSE,FALSE,0.105302098500763,-0.0833333333333333,0.188635431834097,0.1178,FALSE,FALSE,-0.0251859890600803
2022-05-01,-0.0556945467174971,-0.0833333333333333,0.0276387866158363,0.4028,FALSE,FALSE,-0.0357454897093868,-0.0833333333333333,0.0475878436239465,0.3638,FALSE,FALSE,0.0199490570081102
2022-06-01,0.0493112512172638,-0.0833333333333333,0.132644584550597,0.1733,FALSE,FALSE,0.0123338785698133,-0.0833333333333333,0.0956672119031466,0.2405,FALSE,FALSE,-0.0369773726474505
2022-07-01,0.20850222570952,-0.0833333333333333,0.291835559042853,0.0415,FALSE,FALSE,0.090434678794091,-0.0833333333333333,0.173768012127424,0.1447,FALSE,FALSE,-0.118067546915429
2022-08-01,-0.240839887739174,-0.0833333333333333,-0.157506554405841,0.8269,FALSE,FALSE,-0.297343679070477,-0.0833333333333333,-0.214010345737144,0.9173,FALSE,FALSE,-0.0565037913313025
2022-09-01,-0.0308756142764023,-0.0833333333333333,0.052457719056931,0.3592,FALSE,FALSE,-0.052721773283889,-0.0833333333333333,0.0306115600494443,0.4018,FALSE,FALSE,-0.0218461590074867
2022-10-01,-0.101426656925907,-0.0833333333333333,-0.0180933235925737,0.5349,FALSE,FALSE,-0.190598075584212,-0.0833333333333333,-0.107264742250878,0.7325,FALSE,FALSE,-0.0891714186583045
2022-11-01,-0.211644927304366,-0.0833333333333333,-0.128311593971032,0.7824,FALSE,FALSE,-0.170579823086696,-0.0833333333333333,-0.0872464897533625,0.6911,FALSE,FALSE,0.0410651042176699
2022-12-01,-0.186798349321201,-0.0833333333333333,-0.103465015987867,0.719,FALSE,FALSE,-0.192861691485686,-0.0833333333333333,-0.109528358152353,0.7291,FALSE,FALSE,-0.0060633421644854
2023-01-01,-0.0574125218658739,-0.0833333333333333,0.0259208114674594,0.4035,FALSE,FALSE,-0.0373287132843518,-0.0833333333333333,0.0460046200489816,0.3437,FALSE,FALSE,0.0200838085815222
2023-02-01,-0.110953802695828,-0.0833333333333333,-0.0276204693624943,0.5386,FALSE,FALSE,-0.169115099502666,-0.0833333333333333,-0.0857817661693322,0.692,FALSE,FALSE,-0.0581612968068379
2023-03-01,-0.124686310177357,-0.0833333333333333,-0.0413529768440234,0.5719,FALSE,FALSE,-0.269453574772343,-0.0833333333333333,-0.18612024143901,0.8883,FALSE,FALSE,-0.144767264594986
2023-04-01,0.41783688369135,-0.0833333333333333,0.501170217024684,0.0035,FALSE,FALSE,0.390001082036954,-0.0833333333333333,0.473334415370287,0.0062,FALSE,FALSE,-0.0278358016543967
2023-05-01,-0.0191698821873737,-0.0833333333333333,0.0641634511459596,0.3282,FALSE,FALSE,-0.0115744465278528,-0.0833333333333333,0.0717588868054806,0.3143,FALSE,FALSE,0.00759543565952093
2023-06-01,-0.24982485675214,-0.0833333333333333,-0.166491523418807,0.8422,FALSE,FALSE,-0.262541143672272,-0.0833333333333333,-0.179207810338939,0.868,FALSE,FALSE,-0.012716286920132
2023-07-01,-0.0670863842504358,-0.0833333333333333,0.0162469490828976,0.4368,FALSE,FALSE,-0.0866501095433861,-0.0833333333333333,-0.00331677621005276,0.4808,FALSE,FALSE,-0.0195637252929503
2023-08-01,-0.294793469169405,-0.0833333333333333,-0.211460135836072,0.9298,FALSE,FALSE,-0.347738587977524,-0.0833333333333333,-0.264405254644191,0.9738,FALSE,FALSE,-0.0529451188081189
2023-09-01,0.119056476195856,-0.0833333333333333,0.20238980952919,0.1068,FALSE,FALSE,0.122239888314227,-0.0833333333333333,0.205573221647561,0.0997,FALSE,FALSE,0.00318341211837085
2023-10-01,-0.142540917424269,-0.0833333333333333,-0.0592075840909354,0.6154,FALSE,FALSE,-0.160500279651103,-0.0833333333333333,-0.0771669463177692,0.6524,FALSE,FALSE,-0.0179593622268337
2023-11-01,-0.0738382830011971,-0.0833333333333333,0.0094950503321362,0.4415,FALSE,FALSE,-0.0464725445698109,-0.0833333333333333,0.0368607887635224,0.3797,FALSE,FALSE,0.0273657384313862
2023-12-01,0.0944803006225323,-0.0833333333333333,0.177813633955866,0.0313,FALSE,FALSE,0.0992628788430113,-0.0833333333333333,0.182596212176345,0.0385,FALSE,FALSE,0.00478257822047898
2024-01-01,-0.0284150649659015,-0.0833333333333333,0.0549182683674319,0.3489,FALSE,FALSE,0.0397266379262909,-0.0833333333333333,0.123059971259624,0.22,FALSE,FALSE,0.0681417028921924
2024-02-01,0.201977975379097,-0.0833333333333333,0.28531130871243,0.0495,FALSE,FALSE,0.265806699280596,-0.0833333333333333,0.349140032613929,0.0257,FALSE,FALSE,0.0638287239014989
2024-03-01,0.0882344905499857,-0.0833333333333333,0.171567823883319,0.1546,FALSE,FALSE,0.0920666030852309,-0.0833333333333333,0.175399936418564,0.1508,FALSE,FALSE,0.00383211253524521
2024-04-01,0.214855738163035,-0.0833333333333333,0.298189071496368,0.0484,FALSE,FALSE,0.199974513188054,-0.0833333333333333,0.283307846521388,0.055,FALSE,FALSE,-0.0148812249749804
2024-05-01,-0.00926278358351468,-0.0833333333333333,0.0740705497498187,0.3172,FALSE,FALSE,0.00592770040890755,-0.0833333333333333,0.0892610337422409,0.2873,FALSE,FALSE,0.0151904839924222
2024-06-01,-0.121950795908145,-0.0833333333333333,-0.0386174625748116,0.5719,FALSE,FALSE,-0.147887929455581,-0.0833333333333333,-0.0645545961222474,0.6234,FALSE,FALSE,-0.0259371335474357
2024-07-01,-0.0599879145909728,-0.0833333333333333,0.0233454187423605,0.421,FALSE,FALSE,0.00212182683381158,-0.0833333333333333,0.0854551601671449,0.281,FALSE,FALSE,0.0621097414247844
2024-08-01,-0.206855726015561,-0.0833333333333333,-0.123522392682228,0.7621,FALSE,FALSE,-0.132868651331732,-0.0833333333333333,-0.0495353179983991,0.5953,FALSE,FALSE,0.0739870746838285
2024-09-01,-0.047314409246146,-0.0833333333333333,0.0360189240871874,0.3934,FALSE,FALSE,-0.0444528909621103,-0.0833333333333333,0.0388804423712231,0.3897,FALSE,FALSE,0.0028615182840357
2024-10-01,-0.220560190081319,-0.0833333333333333,-0.137226856747985,0.7869,FALSE,FALSE,-0.212266164614144,-0.0833333333333333,-0.12893283128081,0.7724,FALSE,FALSE,0.00829402546717484
2024-11-01,0.148393667406215,-0.0833333333333333,0.231727000739548,0.0462,FALSE,FALSE,0.143572006764841,-0.0833333333333333,0.226905340098174,0.0541,FALSE,FALSE,-0.0048216606413744
2024-12-01,0.0665299978089519,-0.0833333333333333,0.149863331142285,0.1823,FALSE,FALSE,0.0194769168768467,-0.0833333333333333,0.10281025021018,0.2505,FALSE,FALSE,-0.0470530809321053
2025-01-01,0.0282047318527832,-0.0833333333333333,0.111538065186117,0.2302,FALSE,FALSE,-0.0708622729040146,-0.0833333333333333,0.0124710604293187,0.4489,FALSE,FALSE,-0.0990670047567978
2025-02-01,-0.12372678635392,-0.0833333333333333,-0.0403934530205871,0.5732,FALSE,FALSE,-0.125259410786795,-0.0833333333333333,-0.0419260774534613,0.592,FALSE,FALSE,-0.00153262443287421
2025-03-01,-0.184477692043511,-0.0833333333333333,-0.101144358710178,0.7357,FALSE,FALSE,-0.223004375073778,-0.0833333333333333,-0.139671041740445,0.811,FALSE,FALSE,-0.038526683030267
2025-04-01,-0.392217077889177,-0.0833333333333333,-0.308883744555844,0.9798,FALSE,FALSE,-0.389493361018871,-0.0833333333333333,-0.306160027685538,0.9794,FALSE,FALSE,0.0027237168703057
2025-05-01,-0.280551211043738,-0.0833333333333333,-0.197217877710405,0.8871,FALSE,FALSE,-0.387753080937157,-0.0833333333333333,-0.304419747603824,0.9809,FALSE,FALSE,-0.107201869893419
2025-06-01,-0.149277895464039,-0.0833333333333333,-0.0659445621307053,0.633,FALSE,FALSE,-0.0962260696942631,-0.0833333333333333,-0.0128927363609297,0.5023,FALSE,FALSE,0.0530518257697755
2025-07-01,0.0122180078174365,-0.0833333333333333,0.0955513411507699,0.2604,FALSE,FALSE,0.0839764812464502,-0.0833333333333333,0.167309814579784,0.155,FALSE,FALSE,0.0717584734290137
2025-08-01,0.226688753991797,-0.0833333333333333,0.310022087325131,0.0087,FALSE,FALSE,0.160068186180206,-0.0833333333333333,0.243401519513539,0.0356,FALSE,FALSE,-0.0666205678115917
2025-09-01,-0.206671955877665,-0.0833333333333333,-0.123338622544332,0.7656,FALSE,FALSE,-0.153138658243001,-0.0833333333333333,-0.0698053249096681,0.6421,FALSE,FALSE,0.0535332976346635
2025-10-01,0.222592009937751,-0.0833333333333333,0.305925343271085,0.0298,FALSE,FALSE,0.265104747069195,-0.0833333333333333,0.348438080402529,0.0149,FALSE,FALSE,0.042512737131444
2025-11-01,0.14049161728753,-0.0833333333333333,0.223824950620864,0.0997,FALSE,FALSE,0.24141796820705,-0.0833333333333333,0.324751301540383,0.0254,FALSE,FALSE,0.100926350919519
2025-12-01,-0.209169099423682,-0.0833333333333333,-0.125835766090348,0.7659,FALSE,FALSE,-0.152783759335153,-0.0833333333333333,-0.0694504260018198,0.6459,FALSE,FALSE,0.0563853400885285
2026-01-01,0.0870899259274251,-0.0833333333333333,0.170423259260758,0.1569,FALSE,FALSE,0.140325159002287,-0.0833333333333333,0.22365849233562,0.1011,FALSE,FALSE,0.0532352330748617
2026-02-01,0.0537933001332995,-0.0833333333333333,0.137126633466633,0.1995,FALSE,FALSE,0.135222786641641,-0.0833333333333333,0.218556119974975,0.0997,FALSE,FALSE,0.0814294865083417
