"date","month_mean","tau_t"
2013-02-01,-0.110974706199284,-0.21822810404242
2013-03-01,0.0325649899451309,-0.0746884078980052
2013-04-01,0.105157233424401,-0.00209616441873484
2013-05-01,-0.0541750228820594,-0.161428420725196
2013-06-01,0.0628041201863583,-0.0444492776567778
2013-07-01,0.474970856624232,0.367717458781096
2013-08-01,0.122803450213403,0.0155500523702669
2013-09-01,0.453387215630184,0.346133817787048
2013-10-01,0.0167479907750511,-0.0905054070680851
2013-11-01,0.162762488675312,0.0555090908321761
2013-12-01,0.0202282889321832,-0.0870251089109529
2014-01-01,0.283302915436467,0.17604951759333
2014-02-01,0.102573103376125,-0.0046802944670109
2014-03-01,-0.250097276707733,-0.357350674550869
2014-04-01,0.930400188350695,0.823146790507559
2014-05-01,-0.352719354720861,-0.459972752563997
2014-06-01,0.531834108377231,0.424580710534095
2014-07-01,0.230859609776239,0.123606211933103
2014-08-01,0.318638920457757,0.211385522614621
2014-09-01,0.150820599747127,0.0435672019039904
2014-10-01,-0.314228825567473,-0.421482223410609
2014-11-01,0.648297915821348,0.541044517978212
2014-12-01,-0.0257942870540398,-0.133047684897176
2015-01-01,0.285761905198199,0.178508507355063
2015-02-01,-0.536152912363612,-0.643406310206748
2015-03-01,0.554178985358686,0.44692558751555
2015-04-01,0.0184693974598843,-0.0887840003832519
2015-05-01,0.0603797167084322,-0.046873681134704
2015-06-01,-0.311282848390943,-0.418536246234079
2015-07-01,0.116943743171107,0.00969034532797063
2015-08-01,-0.0243983988182023,-0.131651796661338
2015-09-01,0.034107901668336,-0.0731454961748002
2015-10-01,0.105183772519446,-0.00206962532369012
2015-11-01,0.0507293811036851,-0.056524016739451
2015-12-01,0.0954044546481702,-0.011848943194966
2016-01-01,2.5039479841743,2.39669458633116
2016-02-01,-0.0511562007323104,-0.158409598575447
2016-03-01,0.373994781750931,0.266741383907795
2016-04-01,-0.00891910435254156,-0.116172502195678
2016-05-01,-0.120230865411315,-0.227484263254451
2016-06-01,0.0100925142730601,-0.0971608835700761
2016-07-01,-0.265157962699069,-0.372411360542205
2016-08-01,-0.0525342387001901,-0.159787636543326
2016-09-01,0.0409944857558673,-0.0662589120872689
2016-10-01,-0.0952289228649283,-0.202482320708064
2016-11-01,-0.336501582603303,-0.443754980446439
2016-12-01,-0.159442329696727,-0.266695727539863
2017-01-01,0.189574543722566,0.0823211458794294
2017-02-01,0.0375331733894455,-0.0697202244536907
2017-03-01,-0.47335085600384,-0.580604253846976
2017-04-01,-0.000738376246429053,-0.107991774089565
2017-05-01,-0.0767041109404646,-0.183957508783601
2017-06-01,-0.0863855045130399,-0.193638902356176
2017-07-01,-0.0899661670527685,-0.197219564895905
2017-08-01,-0.119636754930825,-0.226890152773961
2017-09-01,0.123796906499712,0.016543508656576
2017-10-01,-0.336936298808182,-0.444189696651319
2017-11-01,-0.402549578299836,-0.509802976142973
2017-12-01,-0.317178155899219,-0.424431553742356
2018-01-01,2.83477566754111,2.72752226969798
2018-02-01,-0.224000069918599,-0.331253467761735
2018-03-01,-0.216798879862421,-0.324052277705557
2018-04-01,-0.32820798923742,-0.435461387080556
2018-05-01,-0.498976670551637,-0.606230068394773
2018-06-01,-0.111453031583276,-0.218706429426412
2018-07-01,-0.364119087562007,-0.471372485405143
2018-08-01,-0.222898951795593,-0.330152349638729
2018-09-01,-0.256048767322614,-0.36330216516575
2018-10-01,-0.353836107099309,-0.461089504942446
2018-11-01,-0.172489822579153,-0.279743220422289
2018-12-01,-0.524311059844668,-0.631564457687804
2019-01-01,-1.65896471445113,-1.76621811229427
2019-02-01,-0.199390561609326,-0.306643959452462
2019-03-01,-0.121376671215952,-0.228630069059088
2019-04-01,-0.0288107690524137,-0.13606416689555
2019-05-01,0.113945340748573,0.00669194290543675
2019-06-01,0.235914356351282,0.128660958508146
2019-07-01,0.0830737236461286,-0.0241796741970075
2019-08-01,0.0661070444052937,-0.0411463534378424
2019-09-01,0.130932335968529,0.0236789381253928
2019-10-01,-0.174219097382731,-0.281472495225867
2019-11-01,-0.0691810830125552,-0.176434480855691
2019-12-01,0.280930086914538,0.173676689071402
2020-01-01,-0.408825988623264,-0.5160793864664
2020-02-01,0.700915580530894,0.593662182687758
2020-03-01,0.124988895841029,0.0177354979978928
2020-04-01,0.0420755054546564,-0.0651778923884797
2020-05-01,-0.43749425884854,-0.544747656691676
2020-06-01,-0.422123826174522,-0.529377224017658
2020-07-01,5.55345244939984,5.44619905155671
2020-08-01,0.285447229748577,0.178193831905441
2020-09-01,-0.0967617888216243,-0.20401518666476
2020-10-01,0.329642428615918,0.222389030772782
2020-11-01,-0.155756645101153,-0.263010042944289
2020-12-01,-0.0497591471950993,-0.157012545038235
2021-01-01,0.621504139959809,0.514250742116673
2021-02-01,-0.153516419997802,-0.260769817840938
2021-03-01,0.144548502728106,0.0372951048849699
2021-04-01,0.248630816442854,0.141377418599718
2021-05-01,0.214986063808863,0.107732665965727
2021-06-01,0.0903798621082253,-0.0168735357349109
2021-07-01,0.204935116021653,0.0976817181785169
2021-08-01,0.139362430616601,0.0321090327734645
2021-09-01,-0.034606825366227,-0.141860223209363
2021-10-01,0.279755286401825,0.172501888558689
2021-11-01,0.152723527193172,0.0454701293500357
2021-12-01,-0.0128168399629275,-0.120070237806064
2022-01-01,0.0393561677358574,-0.0678972301072788
2022-02-01,0.0907339648695468,-0.0165194329735894
2022-03-01,0.147961971994769,0.0407085741516331
2022-04-01,0.516091254192918,0.408837856349782
2022-05-01,0.32276817204539,0.215514774202254
2022-06-01,0.247603227458086,0.14034982961495
2022-07-01,0.322047508627533,0.214794110784397
2022-08-01,0.27395304700313,0.166699649159994
2022-09-01,0.0405781664257872,-0.0666752314173489
2022-10-01,0.26841056616788,0.161157168324744
2022-11-01,-0.00879579396372217,-0.116049191806858
2022-12-01,-0.0317117986431875,-0.138965196486324
2023-01-01,-0.0213316791417972,-0.128585076984933
2023-02-01,0.218977640380084,0.111724242536948
2023-03-01,0.0385218823092819,-0.0687315155338542
2023-04-01,0.286814436487128,0.179561038643991
2023-05-01,-0.0513498458203776,-0.158603243663514
2023-06-01,0.0407605127460528,-0.0664928850970833
2023-07-01,0.371944666960029,0.264691269116893
2023-08-01,0.0365484141943338,-0.0707049836488024
2023-09-01,-0.112983216701399,-0.220236614544535
2023-10-01,0.265819078116741,0.158565680273605
2023-11-01,0.158484977438772,0.0512315795956362
2023-12-01,0.0769393155403296,-0.0303140823028066
2024-01-01,0.183879261072948,0.0766258632298121
2024-02-01,0.187047013425199,0.0797936155820631
2024-03-01,-0.045891201201777,-0.153144599044913
2024-04-01,0.357790504941525,0.250537107098389
2024-05-01,0.0315075360263837,-0.0757458618167524
2024-06-01,0.242055964472093,0.134802566628957
2024-07-01,0.110104995982811,0.00285159813967444
2024-08-01,-0.00433633302757443,-0.111589730870711
2024-09-01,0.0393700459780983,-0.0678833518650378
2024-10-01,0.206844872264939,0.0995914744218027
2024-11-01,0.225462650251807,0.11820925240867
2024-12-01,-0.0203235475003553,-0.127576945343491
2025-01-01,0.337725526387848,0.230472128544712
2025-02-01,0.191542246587397,0.0842888487442607
2025-03-01,0.21439399544779,0.107140597604654
2025-04-01,0.234088195861755,0.126834798018619
2025-05-01,0.0616982045051451,-0.045555193337991
2025-06-01,0.0872313941855146,-0.0200220036576215
2025-07-01,0.162998784002282,0.0557453861591463
2025-08-01,0.131497971559182,0.0242445737160457
2025-09-01,-0.010496974068145,-0.117750371911281
2025-10-01,0.262393062471994,0.155139664628858
2025-11-01,0.019133808368445,-0.0881195894746912
2025-12-01,0.095808615265417,-0.0114447825777191
2026-01-01,0.0440501769990084,-0.0632032208441277
2026-02-01,0.0959757377220906,-0.0112776601210456
