"region_id","Region","region_mean","alpha_i"
"R01","Al Baha",0.218085559731878,0.110832161888742
"R08","Madinah",0.189018077124861,0.0817646792817253
"R12","Riyadh",0.184558838976075,0.0773054411329385
"R03","Al Qassim",0.132313069442399,0.0250596715992628
"R04","Aseer",0.130541158757438,0.0232877609143021
"R09","Makkah",0.126900727972018,0.0196473301288817
"R10","Najran",0.123339132619187,0.0160857347760512
"R05","Eastern Province",0.0612561848382818,-0.0459972130048543
"R13","Tabouk",0.0543525977110085,-0.0529008001321277
"R07","Jazan",0.0490892683724894,-0.0581641294706467
"R02","Al Jouf",0.0481374283634702,-0.059115969479666
"R06","Hail",0.0465365797232342,-0.0607168181199019
"R11","Northern Borders",0.0301655483284297,-0.0770878495147065
