"omitted_region","joint_p_value","Theta_3","ci_low","ci_high","sign","R2","n_obs","conclusion_changes"
"R01",0.797232155527338,0.00654183847536205,-0.145773672527134,0.158857349477858,"positive",0.508407879490765,1848,FALSE
"R02",0.0771011251121931,-0.0669961877072863,-0.245559705347667,0.111567329933094,"negative",0.451631492373431,1848,FALSE
"R03",0.13816487100863,0.00307742912666146,-0.159499494866837,0.16565435312016,"positive",0.471209204288583,1848,FALSE
"R04",0.118549234594843,-0.0152840014579275,-0.19387089484156,0.163302891925705,"negative",0.446811604218701,1848,FALSE
"R05",0.543625163374149,-0.00217683932898533,-0.177661709287116,0.173308030629146,"negative",0.438487371861884,1848,FALSE
"R06",0.3458090312049,-0.0153664374896526,-0.175085693700882,0.144352818721577,"negative",0.447922673340337,1848,FALSE
"R07",0.441494029306542,0.00555137898024397,-0.183810649658951,0.194913407619439,"positive",0.449996927654501,1848,FALSE
"R08",0.497683237006598,-0.0146842286903746,-0.195663930742492,0.166295473361742,"negative",0.461572801335906,1848,FALSE
"R09",0.276763391693096,-0.047217145346013,-0.245161486452499,0.150727195760473,"negative",0.448687040050661,1848,FALSE
"R10",0.496786378518229,-0.00400392439111846,-0.179102628073806,0.171094779291569,"negative",0.455081515521633,1848,FALSE
"R11",0.18134973294057,-0.00932810227282806,-0.181202500696418,0.162546296150762,"negative",0.505959962128696,1848,FALSE
"R12",0.463960086436199,0.00241302751293057,-0.165681927690748,0.170507982716609,"positive",0.439997960153109,1848,FALSE
"R13",0.33509373706876,0.0346542259916096,-0.133303186830185,0.202611638813404,"positive",0.451929557542128,1848,FALSE
