"hypothesis_family","primary_raw_p_value","adjusted_p_value","robustness_outcome","final_interpretation"
"Contemporaneous spatial dependence (Stage 12, Moran's I, TWFE residual)",0,0,"11/157 months nominally significant raw; 0/157 survive BH/Holm","No evidence of systematic contemporaneous spatial dependence surviving multiple-testing correction"
"Distributed spatial lags, joint theta_1-3=0 (Stage 14)",0.575,NA,"Not significant; robust across Queen/KNN/distance and K=6","No robust distributed spatial predictive dependence"
"Distributed spatial lags, cumulative Theta_3=0 (Stage 14)",0.898,NA,"Not significant; robust across weights","No robust cumulative spatial effect"
"Nonlinear: high-inflation regime interaction (Stage 15, Sec. A)",0.77,1,"Not significant; robust across weights/regime definitions","No robust regime-dependent spatial amplification"
"Nonlinear: smooth spline nonlinearity (Stage 15, Sec. B)",0.0168,0.0842,"Nominal only; fails BH/Holm; fails KNN and K=6 replication","Suggestive only, not robust (fails correction and cross-specification replication)"
"Nonlinear: threshold existence (Stage 15, Sec. D)",0.754,1,"Not significant; gamma_hat at trim boundary (caveated)","No robust threshold/regime structure"
"Nonlinear: positive/negative asymmetry (Stage 15, Sec. E)",0.616,1,"Not significant","No asymmetric spatial response"
"Structural-event instability, 9-test family (Stage 16, best raw result)",0.093,0.837,"Best of 9 tests (E1-F, combined); 0/9 survive BH/Holm","No robust structural-event-conditioned instability"
"Seasonal lag-12 (Stage 17, Sec. C)",0.688,NA,"Not significant; incremental R2 ~0.00008","No seasonal (lag-12) effect"
"Extended temporal memory, best BIC vs T0 (Stage 17, Sec. D)",NA,NA,"Delta-BIC=2.15 (T1), well under the 'very strong' (>10) threshold","No materially decisive longer-memory gain"
