"region_id","primary_rule_pmax","primary_rule_lag","primary_rule_stat","alt_rule_pmax","alt_rule_lag","alt_rule_stat","conclusion_changes"
"R01",13,7,-5.11311510467527,4,0,-20.1342575761749,FALSE
"R02",13,5,-3.26225920614777,4,0,-10.4031272335925,FALSE
"R03",13,4,-3.56866942914885,4,4,-3.66232285380606,FALSE
"R04",13,0,-13.5493617023159,4,0,-13.9912242086624,FALSE
"R05",13,0,-13.2206090785072,4,0,-13.6442731845097,FALSE
"R06",13,0,-10.5144984825831,4,0,-10.98594558609,FALSE
"R07",13,0,-12.8278926379163,4,0,-13.2466781190389,FALSE
"R08",13,0,-11.3597508767911,4,0,-11.7394888991487,FALSE
"R09",13,0,-11.8930153058058,4,0,-12.2756341173512,FALSE
"R10",13,0,-9.16226353502653,4,0,-9.45958103419301,FALSE
"R11",13,3,-5.98090297783515,4,1,-7.0813388405782,FALSE
"R12",13,1,-9.68829257794989,4,1,-9.97951282867569,FALSE
"R13",13,5,-3.62202542340559,4,4,-4.89535694135579,FALSE
