"region_id","region_name_gastat_en","raw_data_spelling","geometry_spelling","region_name_ar_naturalearth","iso_3166_2_naturalearth","legacy_aliases","notes"
"R01","Al Baha","Al Baha","Al Bahah","منطقة الباحة","SA-11","Baha","region_name_ar_naturalearth / iso_3166_2_naturalearth sourced from data_raw/saudi_states_sf.rds (Natural Earth admin-1), NOT from GASTAT -- GASTAT publishes no Arabic-language region file or ISO code anywhere in this repository."
"R02","Al Jouf","Al Jouf","Al Jawf","منطقة الجوف","SA-12","Jouf","region_name_ar_naturalearth / iso_3166_2_naturalearth sourced from data_raw/saudi_states_sf.rds (Natural Earth admin-1), NOT from GASTAT -- GASTAT publishes no Arabic-language region file or ISO code anywhere in this repository."
"R03","Al Qassim","Al Qassim","Al Quassim","منطقة القصيم","SA-05",,"region_name_ar_naturalearth / iso_3166_2_naturalearth sourced from data_raw/saudi_states_sf.rds (Natural Earth admin-1), NOT from GASTAT -- GASTAT publishes no Arabic-language region file or ISO code anywhere in this repository."
"R04","Aseer","Aseer","`Asir","منطقة عسير","SA-14",,"region_name_ar_naturalearth / iso_3166_2_naturalearth sourced from data_raw/saudi_states_sf.rds (Natural Earth admin-1), NOT from GASTAT -- GASTAT publishes no Arabic-language region file or ISO code anywhere in this repository."
"R05","Eastern Province","Eastern Province","Ash Sharqiyah","المنطقة الشرقية","SA-04",,"region_name_ar_naturalearth / iso_3166_2_naturalearth sourced from data_raw/saudi_states_sf.rds (Natural Earth admin-1), NOT from GASTAT -- GASTAT publishes no Arabic-language region file or ISO code anywhere in this repository."
"R06","Hail","Hail","Ha'il","منطقة حائل","SA-06",,"region_name_ar_naturalearth / iso_3166_2_naturalearth sourced from data_raw/saudi_states_sf.rds (Natural Earth admin-1), NOT from GASTAT -- GASTAT publishes no Arabic-language region file or ISO code anywhere in this repository."
"R07","Jazan","Jazan","Jizan","منطقة جازان","SA-09",,"region_name_ar_naturalearth / iso_3166_2_naturalearth sourced from data_raw/saudi_states_sf.rds (Natural Earth admin-1), NOT from GASTAT -- GASTAT publishes no Arabic-language region file or ISO code anywhere in this repository."
"R08","Madinah","Madinah","Al Madinah","منطقة المدينة المنورة","SA-03",,"region_name_ar_naturalearth / iso_3166_2_naturalearth sourced from data_raw/saudi_states_sf.rds (Natural Earth admin-1), NOT from GASTAT -- GASTAT publishes no Arabic-language region file or ISO code anywhere in this repository."
"R09","Makkah","Makkah","Makkah","منطقة مكة المكرمة","SA-02",,"region_name_ar_naturalearth / iso_3166_2_naturalearth sourced from data_raw/saudi_states_sf.rds (Natural Earth admin-1), NOT from GASTAT -- GASTAT publishes no Arabic-language region file or ISO code anywhere in this repository."
"R10","Najran","Najran","Najran","منطقة نجران","SA-10",,"region_name_ar_naturalearth / iso_3166_2_naturalearth sourced from data_raw/saudi_states_sf.rds (Natural Earth admin-1), NOT from GASTAT -- GASTAT publishes no Arabic-language region file or ISO code anywhere in this repository."
"R11","Northern Borders","Northern Borders","Al Hudud ash Shamaliyah","منطقة الحدود الشمالية","SA-08",,"region_name_ar_naturalearth / iso_3166_2_naturalearth sourced from data_raw/saudi_states_sf.rds (Natural Earth admin-1), NOT from GASTAT -- GASTAT publishes no Arabic-language region file or ISO code anywhere in this repository."
"R12","Riyadh","Riyadh","Ar Riyad","منطقة الرياض","SA-01",,"region_name_ar_naturalearth / iso_3166_2_naturalearth sourced from data_raw/saudi_states_sf.rds (Natural Earth admin-1), NOT from GASTAT -- GASTAT publishes no Arabic-language region file or ISO code anywhere in this repository."
"R13","Tabouk","Tabouk","Tabuk","منطقة تبوك","SA-07",,"region_name_ar_naturalearth / iso_3166_2_naturalearth sourced from data_raw/saudi_states_sf.rds (Natural Earth admin-1), NOT from GASTAT -- GASTAT publishes no Arabic-language region file or ISO code anywhere in this repository."
