region_id,canonical_region_name,known_aliases,frozen_date,notes
R01,Al Baha,Baha,2026-09-21,"Permanent identity. Matches raw GASTAT column header as of freeze."
R02,Al Jouf,Jouf;Al Jawf,2026-09-21,"Permanent identity. Al Jawf is the geometry-file spelling; listed here only as a fallback alias. Normal matching is against the raw CPI column header."
R03,Al Qassim,,2026-09-21,"Permanent identity. Matches raw GASTAT column header as of freeze."
R04,Aseer,Asir,2026-09-21,"Permanent identity. Matches raw GASTAT column header as of freeze."
R05,Eastern Province,,2026-09-21,"Permanent identity. Matches raw GASTAT column header as of freeze."
R06,Hail,Ha'il,2026-09-21,"Permanent identity. Matches raw GASTAT column header as of freeze."
R07,Jazan,Jizan,2026-09-21,"Permanent identity. Matches raw GASTAT column header as of freeze."
R08,Madinah,Al Madinah,2026-09-21,"Permanent identity. Matches raw GASTAT column header as of freeze."
R09,Makkah,,2026-09-21,"Permanent identity. Matches raw GASTAT column header as of freeze."
R10,Najran,,2026-09-21,"Permanent identity. Matches raw GASTAT column header as of freeze."
R11,Northern Borders,,2026-09-21,"Permanent identity. Matches raw GASTAT column header as of freeze."
R12,Riyadh,,2026-09-21,"Permanent identity. Matches raw GASTAT column header as of freeze."
R13,Tabouk,Tabuk,2026-09-21,"Permanent identity. Matches raw GASTAT column header as of freeze."
