"file","cells_changed","max_abs_numeric_change","note"
"results_v2/distributed_spatial_lags/tables/dsl_cumulative_Theta3_by_weight.csv",12,0.548554974610128,""
"results_v2/distributed_spatial_lags/tables/dsl_spatial_weight_robustness.csv",36,0.851062066883364,""
"results_v2/final_robustness/tables/fr_D_spatial_weight_robustness.csv",10,0.0644123852359886,""
"results_v2/final_robustness/tables/fr_K_robustness_summary.csv",1,0.013024378225661,""
"results_v2/nonlinear_spatial_dynamics/tables/nl_F_A_regime_weight_robustness.csv",4,1.38329274156062,""
"results_v2/nonlinear_spatial_dynamics/tables/nl_F_B_spline_robustness.csv",4,2.82722479343197,""
"results_v2/structural_shocks/tables/ss_J_robustness_weights_by_event.csv",12,34.689891028247,""
"results_v2/tables/lag_spatial_robustness.csv",12,0.160893315481421,""
"results_v2/tables/spatial_weights_comparison.csv",3,4,""
