"source","spec","joint_p_before","joint_p_after","Theta3_before","Theta3_after","ci_before","ci_after","conclusion_before","conclusion_after"
"fr_D (Stage 18, final model, DK)","Queen (primary)",0.31560232233548,0.31560232233548,-0.00983022402779785,-0.00983022402779785,"[-0.1778, 0.1582]","[-0.1778, 0.1582]","not significant","not significant"
"fr_D (Stage 18, final model, DK)","KNN (k=4)",0.997910912866101,0.98488653464044,9.52302197625429e-05,0.000365345961665436,"[-0.1806, 0.1808]","[-0.1749, 0.1756]","not significant","not significant"
"fr_D (Stage 18, final model, DK)","Distance band",0.831697917962644,0.894913142660019,-0.0605068633066033,-0.0234928085123781,"[-0.2061, 0.0850]","[-0.1964, 0.1495]","not significant","not significant"
"nl_F_B (Stage 15, spline robustness, DK)","Queen K=3 (primary)",0.0168391139422568,0.0168391139422568,NA,NA,NA,NA,"nominally significant","nominally significant"
"nl_F_B (Stage 15, spline robustness, DK)","KNN K=3",0.0922183160196917,0.132370597978968,NA,NA,NA,NA,"not significant","not significant"
"nl_F_B (Stage 15, spline robustness, DK)","Distance band K=3",0.0217841635619562,0.00591393891808324,NA,NA,NA,NA,"nominally significant","nominally significant"
"nl_F_B (Stage 15, spline robustness, DK)","Queen K=6",0.470688295711818,0.470688295711818,NA,NA,NA,NA,"not significant","not significant"
"ss_J (Stage 16, event x weights, spatial-dynamics block, DK asymptotic)","E1 Queen (primary)",0.475275750586307,0.475275750586307,NA,NA,NA,NA,"not significant","not significant"
"ss_J (Stage 16, event x weights, spatial-dynamics block, DK asymptotic)","E1 KNN (k=4)",0.146103470420192,0.481941950452959,NA,NA,NA,NA,"not significant","not significant"
"ss_J (Stage 16, event x weights, spatial-dynamics block, DK asymptotic)","E1 Distance band",0.196304517650654,0.438322648280611,NA,NA,NA,NA,"not significant","not significant"
"ss_J (Stage 16, event x weights, spatial-dynamics block, DK asymptotic)","E2 Queen (primary)",0.488563122278739,0.488563122278739,NA,NA,NA,NA,"not significant","not significant"
"ss_J (Stage 16, event x weights, spatial-dynamics block, DK asymptotic)","E2 KNN (k=4)",0.291797362913589,0.258266791661734,NA,NA,NA,NA,"not significant","not significant"
"ss_J (Stage 16, event x weights, spatial-dynamics block, DK asymptotic)","E2 Distance band",0.472463059500053,0.330250296110801,NA,NA,NA,NA,"not significant","not significant"
"ss_J (Stage 16, event x weights, spatial-dynamics block, DK asymptotic)","E3 Queen (primary)",0.143569993893185,0.143569993893185,NA,NA,NA,NA,"not significant","not significant"
"ss_J (Stage 16, event x weights, spatial-dynamics block, DK asymptotic)","E3 KNN (k=4)",0.0751524223731484,0.0109073044039912,NA,NA,NA,NA,"not significant","nominally significant"
"ss_J (Stage 16, event x weights, spatial-dynamics block, DK asymptotic)","E3 Distance band",0.0845536342309955,5.58452899109726e-09,NA,NA,NA,NA,"not significant","nominally significant"
