"file","status"
"results_v2/distributed_spatial_lags/tables/dsl_construction_validation.csv","IDENTICAL to f88d776"
"results_v2/distributed_spatial_lags/tables/dsl_cumulative_Theta3_by_weight.csv","CHANGED: EXPECTED_DISTANCE_CORRECTION"
"results_v2/distributed_spatial_lags/tables/dsl_estimation_samples.csv","IDENTICAL to f88d776"
"results_v2/distributed_spatial_lags/tables/dsl_incremental_spatial_block.csv","IDENTICAL to f88d776"
"results_v2/distributed_spatial_lags/tables/dsl_k3_coefficients_dk.csv","IDENTICAL to f88d776"
"results_v2/distributed_spatial_lags/tables/dsl_k3_residual_ljungbox_by_region.csv","IDENTICAL to f88d776"
"results_v2/distributed_spatial_lags/tables/dsl_k3_wild_bootstrap_joint_and_cumulative.csv","IDENTICAL to f88d776"
"results_v2/distributed_spatial_lags/tables/dsl_k6_coefficients_dk.csv","IDENTICAL to f88d776"
"results_v2/distributed_spatial_lags/tables/dsl_k6_wild_bootstrap_joint_and_cumulative.csv","IDENTICAL to f88d776"
"results_v2/distributed_spatial_lags/tables/dsl_model_comparison_M0_M4.csv","IDENTICAL to f88d776"
"results_v2/distributed_spatial_lags/tables/dsl_residual_serial_correlation_comparison.csv","IDENTICAL to f88d776"
"results_v2/distributed_spatial_lags/tables/dsl_robustness_cumulative_k3_vs_k6.csv","IDENTICAL to f88d776"
"results_v2/distributed_spatial_lags/tables/dsl_robustness_k3_vs_k6_theta1.csv","IDENTICAL to f88d776"
"results_v2/distributed_spatial_lags/tables/dsl_robustness_summary.csv","IDENTICAL to f88d776"
"results_v2/distributed_spatial_lags/tables/dsl_spatial_weight_robustness.csv","CHANGED: EXPECTED_DISTANCE_CORRECTION"
"results_v2/final_robustness/tables/fr_A_estimation_sample_k3.csv","IDENTICAL to f88d776"
"results_v2/final_robustness/tables/fr_B_leave_one_region_out.csv","IDENTICAL to f88d776"
"results_v2/final_robustness/tables/fr_B_leave_one_region_out_summary.csv","IDENTICAL to f88d776"
"results_v2/final_robustness/tables/fr_C_influential_month_sensitivity.csv","IDENTICAL to f88d776"
"results_v2/final_robustness/tables/fr_C_influential_months_ranked.csv","IDENTICAL to f88d776"
"results_v2/final_robustness/tables/fr_D_spatial_weight_robustness.csv","CHANGED: EXPECTED_DISTANCE_CORRECTION"
"results_v2/final_robustness/tables/fr_EF_estimation_sample_common_horizon.csv","IDENTICAL to f88d776"
"results_v2/final_robustness/tables/fr_E_dynamic_horizon_robustness.csv","IDENTICAL to f88d776"
"results_v2/final_robustness/tables/fr_F_temporal_specification_robustness.csv","IDENTICAL to f88d776"
"results_v2/final_robustness/tables/fr_G_inference_robustness.csv","IDENTICAL to f88d776"
"results_v2/final_robustness/tables/fr_H_consolidated_hypothesis_families.csv","IDENTICAL to f88d776"
"results_v2/final_robustness/tables/fr_J_final_classifications.txt","IDENTICAL to f88d776"
"results_v2/final_robustness/tables/fr_K_final_model_metadata.csv","IDENTICAL to f88d776"
"results_v2/final_robustness/tables/fr_K_final_result_table.csv","IDENTICAL to f88d776"
"results_v2/final_robustness/tables/fr_K_robustness_summary.csv","CHANGED: EXPECTED_DISTANCE_CORRECTION"
"results_v2/final_robustness/tables/fr_M_reproducibility_audit.csv","IDENTICAL to f88d776"
"results_v2/nonlinear_spatial_dynamics/tables/nl_A_cumulative_effect_by_regime.csv","IDENTICAL to f88d776"
"results_v2/nonlinear_spatial_dynamics/tables/nl_A_regime_interaction_coefficients.csv","IDENTICAL to f88d776"
"results_v2/nonlinear_spatial_dynamics/tables/nl_A_wild_bootstrap_joint.csv","IDENTICAL to f88d776"
"results_v2/nonlinear_spatial_dynamics/tables/nl_B_marginal_effect_by_state.csv","IDENTICAL to f88d776"
"results_v2/nonlinear_spatial_dynamics/tables/nl_B_spline_coefficients.csv","IDENTICAL to f88d776"
"results_v2/nonlinear_spatial_dynamics/tables/nl_B_spline_joint_test.csv","IDENTICAL to f88d776"
"results_v2/nonlinear_spatial_dynamics/tables/nl_C_quadratic_coefficients.csv","IDENTICAL to f88d776"
"results_v2/nonlinear_spatial_dynamics/tables/nl_C_quadratic_joint_test.csv","IDENTICAL to f88d776"
"results_v2/nonlinear_spatial_dynamics/tables/nl_C_turning_point.csv","IDENTICAL to f88d776"
"results_v2/nonlinear_spatial_dynamics/tables/nl_D_regime_specific_effects.csv","IDENTICAL to f88d776"
"results_v2/nonlinear_spatial_dynamics/tables/nl_D_threshold_bootstrap_existence.csv","IDENTICAL to f88d776"
"results_v2/nonlinear_spatial_dynamics/tables/nl_D_threshold_point_estimate.csv","IDENTICAL to f88d776"
"results_v2/nonlinear_spatial_dynamics/tables/nl_D_threshold_profile.csv","IDENTICAL to f88d776"
"results_v2/nonlinear_spatial_dynamics/tables/nl_E_asymmetry_coefficients.csv","IDENTICAL to f88d776"
"results_v2/nonlinear_spatial_dynamics/tables/nl_E_asymmetry_equality_test.csv","IDENTICAL to f88d776"
"results_v2/nonlinear_spatial_dynamics/tables/nl_E_asymmetry_wild_bootstrap.csv","IDENTICAL to f88d776"
"results_v2/nonlinear_spatial_dynamics/tables/nl_F_A_regime_definition_robustness.csv","IDENTICAL to f88d776"
"results_v2/nonlinear_spatial_dynamics/tables/nl_F_A_regime_weight_robustness.csv","CHANGED: EXPECTED_DISTANCE_CORRECTION"
"results_v2/nonlinear_spatial_dynamics/tables/nl_F_B_spline_extreme_obs_sensitivity.csv","IDENTICAL to f88d776"
"results_v2/nonlinear_spatial_dynamics/tables/nl_F_B_spline_robustness.csv","CHANGED: EXPECTED_DISTANCE_CORRECTION"
"results_v2/nonlinear_spatial_dynamics/tables/nl_G_multiple_testing_family.csv","IDENTICAL to f88d776"
"results_v2/nonlinear_spatial_dynamics/tables/nl_H_residual_comparison_vs_stage14.csv","IDENTICAL to f88d776"
"results_v2/nonlinear_spatial_dynamics/tables/nl_H_residual_ljungbox_by_region.csv","IDENTICAL to f88d776"
"results_v2/nonlinear_spatial_dynamics/tables/nl_I_evidence_classification.txt","IDENTICAL to f88d776"
"results_v2/nonlinear_spatial_dynamics/tables/nl_construction_validation.csv","IDENTICAL to f88d776"
"results_v2/nonlinear_spatial_dynamics/tables/nl_estimation_sample_k3.csv","IDENTICAL to f88d776"
"results_v2/nonlinear_spatial_dynamics/tables/nl_regime_definitions.csv","IDENTICAL to f88d776"
"results_v2/presubmission_refinement/power_mde/mde_summary.csv","IDENTICAL to f88d776"
"results_v2/presubmission_refinement/power_mde/power_classification.txt","IDENTICAL to f88d776"
"results_v2/presubmission_refinement/power_mde/power_curve.csv","IDENTICAL to f88d776"
"results_v2/presubmission_refinement/power_mde/simulation_design.csv","IDENTICAL to f88d776"
"results_v2/presubmission_refinement/power_mde/simulation_validation.csv","IDENTICAL to f88d776"
"results_v2/stationarity_temporal_dynamics/tables/st_A_panel_CIPS_individual_CADF.csv","IDENTICAL to f88d776"
"results_v2/stationarity_temporal_dynamics/tables/st_A_panel_CIPS_summary.csv","IDENTICAL to f88d776"
"results_v2/stationarity_temporal_dynamics/tables/st_A_stationarity_summary_counts.csv","IDENTICAL to f88d776"
"results_v2/stationarity_temporal_dynamics/tables/st_A_stationarity_tests_by_region.csv","IDENTICAL to f88d776"
"results_v2/stationarity_temporal_dynamics/tables/st_B_break_aware_za_by_region.csv","IDENTICAL to f88d776"
"results_v2/stationarity_temporal_dynamics/tables/st_B_break_aware_za_national.csv","IDENTICAL to f88d776"
"results_v2/stationarity_temporal_dynamics/tables/st_C_seasonal_lag12_coefficient.csv","IDENTICAL to f88d776"
"results_v2/stationarity_temporal_dynamics/tables/st_C_seasonal_model_comparison.csv","IDENTICAL to f88d776"
"results_v2/stationarity_temporal_dynamics/tables/st_D_extended_temporal_coefficients_T3.csv","IDENTICAL to f88d776"
"results_v2/stationarity_temporal_dynamics/tables/st_D_extended_temporal_model_comparison.csv","IDENTICAL to f88d776"
"results_v2/stationarity_temporal_dynamics/tables/st_E_residual_comparison_across_stages.csv","IDENTICAL to f88d776"
"results_v2/stationarity_temporal_dynamics/tables/st_E_residual_ljungbox_by_region.csv","IDENTICAL to f88d776"
"results_v2/stationarity_temporal_dynamics/tables/st_F_spatial_conclusion_check.csv","IDENTICAL to f88d776"
"results_v2/stationarity_temporal_dynamics/tables/st_G_robustness_alt_lag_selection.csv","IDENTICAL to f88d776"
"results_v2/stationarity_temporal_dynamics/tables/st_G_robustness_extreme_obs.csv","IDENTICAL to f88d776"
"results_v2/stationarity_temporal_dynamics/tables/st_H_evidence_classification.txt","IDENTICAL to f88d776"
"results_v2/stationarity_temporal_dynamics/tables/st_construction_validation.csv","IDENTICAL to f88d776"
"results_v2/stationarity_temporal_dynamics/tables/st_estimation_sample_extended_lag12.csv","IDENTICAL to f88d776"
"results_v2/stationarity_temporal_dynamics/tables/st_estimation_sample_k3.csv","IDENTICAL to f88d776"
"results_v2/structural_shocks/tables/ss_D_coefficients_by_event.csv","IDENTICAL to f88d776"
"results_v2/structural_shocks/tables/ss_D_cumulative_effects_by_event.csv","IDENTICAL to f88d776"
"results_v2/structural_shocks/tables/ss_D_wald_wcb_by_event.csv","IDENTICAL to f88d776"
"results_v2/structural_shocks/tables/ss_E_coefficients_by_event.csv","IDENTICAL to f88d776"
"results_v2/structural_shocks/tables/ss_E_cumulative_effects_by_event.csv","IDENTICAL to f88d776"
"results_v2/structural_shocks/tables/ss_E_wald_wcb_by_event.csv","IDENTICAL to f88d776"
"results_v2/structural_shocks/tables/ss_F_combined_wald_wcb_by_event.csv","IDENTICAL to f88d776"
"results_v2/structural_shocks/tables/ss_G_breakpoint_bic_table.csv","IDENTICAL to f88d776"
"results_v2/structural_shocks/tables/ss_G_detected_breaks.csv","IDENTICAL to f88d776"
"results_v2/structural_shocks/tables/ss_H_covid_note.csv","IDENTICAL to f88d776"
"results_v2/structural_shocks/tables/ss_I_multiple_testing_family.csv","IDENTICAL to f88d776"
"results_v2/structural_shocks/tables/ss_J_robustness_k6_by_event.csv","IDENTICAL to f88d776"
"results_v2/structural_shocks/tables/ss_J_robustness_weights_by_event.csv","CHANGED: EXPECTED_DISTANCE_CORRECTION"
"results_v2/structural_shocks/tables/ss_J_robustness_window_length_by_event.csv","IDENTICAL to f88d776"
"results_v2/structural_shocks/tables/ss_K_residual_comparison_vs_stage14_stage15.csv","IDENTICAL to f88d776"
"results_v2/structural_shocks/tables/ss_K_residual_ljungbox_by_region.csv","IDENTICAL to f88d776"
"results_v2/structural_shocks/tables/ss_L_evidence_classification.txt","IDENTICAL to f88d776"
"results_v2/structural_shocks/tables/ss_construction_validation.csv","IDENTICAL to f88d776"
"results_v2/structural_shocks/tables/ss_estimation_sample_k3.csv","IDENTICAL to f88d776"
"results_v2/structural_shocks/tables/ss_event_registry.csv","IDENTICAL to f88d776"
"results_v2/tables/interpretation_scope_note.txt","IDENTICAL to f88d776"
"results_v2/tables/lag_construction_validation.csv","IDENTICAL to f88d776"
"results_v2/tables/lag_dk_implementation_audit.csv","IDENTICAL to f88d776"
"results_v2/tables/lag_estimation_sample.csv","IDENTICAL to f88d776"
"results_v2/tables/lag_incremental_M1_to_M2.csv","IDENTICAL to f88d776"
"results_v2/tables/lag_inference_phi_theta.csv","IDENTICAL to f88d776"
"results_v2/tables/lag_model_fit.csv","IDENTICAL to f88d776"
"results_v2/tables/lag_placebo_common_sample_check.csv","IDENTICAL to f88d776"
"results_v2/tables/lag_placebo_common_sample_comparison.csv","IDENTICAL to f88d776"
"results_v2/tables/lag_placebo_future_neighbour.csv","IDENTICAL to f88d776"
"results_v2/tables/lag_residual_ljungbox_by_region.csv","IDENTICAL to f88d776"
"results_v2/tables/lag_residual_serial_correlation.csv","IDENTICAL to f88d776"
"results_v2/tables/lag_spatial_robustness.csv","CHANGED: EXPECTED_DISTANCE_CORRECTION"
"results_v2/tables/lag_sufficiency_check.csv","IDENTICAL to f88d776"
"results_v2/tables/lag_sufficiency_wild_bootstrap_and_joint_test.csv","IDENTICAL to f88d776"
"results_v2/tables/lag_wild_cluster_bootstrap.csv","IDENTICAL to f88d776"
"results_v2/tables/moran_monthly_raw.csv","IDENTICAL to f88d776"
"results_v2/tables/moran_monthly_raw_mtc.csv","IDENTICAL to f88d776"
"results_v2/tables/moran_monthly_residual.csv","IDENTICAL to f88d776"
"results_v2/tables/moran_monthly_residual_mtc.csv","IDENTICAL to f88d776"
"results_v2/tables/moran_multiple_testing_summary.csv","IDENTICAL to f88d776"
"results_v2/tables/moran_raw_vs_residual_comparison.csv","IDENTICAL to f88d776"
"results_v2/tables/moran_summary_stats.csv","IDENTICAL to f88d776"
"results_v2/tables/spatial_weights_comparison.csv","CHANGED: EXPECTED_DISTANCE_CORRECTION"
"results_v2/tables/spatial_weights_queen_rook_check.csv","IDENTICAL to f88d776"
"results_v2/tables/twfe_estimation_sample_mom.csv","IDENTICAL to f88d776"
"results_v2/tables/twfe_estimation_sample_yoy.csv","IDENTICAL to f88d776"
"results_v2/tables/twfe_model_fit_mom.csv","IDENTICAL to f88d776"
"results_v2/tables/twfe_model_fit_yoy.csv","IDENTICAL to f88d776"
"results_v2/tables/twfe_month_fe_mom.csv","IDENTICAL to f88d776"
"results_v2/tables/twfe_region_fe_mom.csv","IDENTICAL to f88d776"
"results_v2/tables/twfe_residual_validation_mom.csv","IDENTICAL to f88d776"
"results_v2/tables/twfe_residuals_mom.csv","IDENTICAL to f88d776"
"results_v2/tables/twfe_variance_decomposition_mom.csv","IDENTICAL to f88d776"
"results_v2/tables/twfe_variance_decomposition_yoy.csv","IDENTICAL to f88d776"
